instant,dateday,season,year,month,holiday,weekday,workingday,weathersit,temp,atemp,hum,windspeed,casual,registered,count
1,2011-01-01,Spring,2011,January,0,Saturday,0,2,23720.333807,45453.12499999999,805833.0000000001,48256.220298,331,654,985
2,2011-01-02,Spring,2011,January,0,Sunday,0,2,25051.267238,44217.37500000001,696087.0,74751.335257,131,670,801
3,2011-01-03,Spring,2011,January,0,Monday,1,1,13533.603244000002,23675.625,437272.99999999994,74682.159767,120,1229,1349
4,2011-01-04,Spring,2011,January,0,Tuesday,1,1,13784.200000000003,26515.249999999996,590435.0,48211.105848,108,1454,1562
5,2011-01-05,Spring,2011,January,0,Wednesday,1,1,15642.103397,28658.749999999996,436957.0,56212.60470000001,82,1518,1600
6,2011-01-06,Spring,2011,January,0,Thursday,1,1,14083.868508,29151.125,518260.99999999994,26937.8982476,88,1518,1606
7,2011-01-07,Spring,2011,January,0,Friday,1,2,13544.492762,26104.875,498696.0,50746.537937999994,148,1362,1510
8,2011-01-08,Spring,2011,January,0,Saturday,0,2,11371.965,20281.75,535833.0,80244.771452,68,891,959
9,2011-01-09,Spring,2011,January,0,Sunday,0,1,9534.048693,14521.875,434167.0000000001,108861.16785000001,54,768,822
10,2011-01-10,Spring,2011,January,0,Monday,1,1,10395.561193,18861.0,482917.0,67150.452721,41,1280,1321
11,2011-01-11,Spring,2011,January,0,Tuesday,1,2,11653.920811,23933.0,686364.0,36732.78671600001,43,1220,1263
12,2011-01-12,Spring,2011,January,0,Wednesday,1,1,11904.517566999999,20059.125,599545.0,91620.530401,25,1137,1162
13,2011-01-13,Spring,2011,January,0,Thursday,1,1,11371.965,18860.375,470417.0,90529.66299999999,38,1368,1406
14,2011-01-14,Spring,2011,January,0,Friday,1,1,11087.321270000002,23551.625,537826.0,38060.956124000004,54,1367,1421
15,2011-01-15,Spring,2011,January,0,Saturday,0,2,16081.543693,31014.0,498750.0,47509.425768999994,222,1026,1248
16,2011-01-16,Spring,2011,January,0,Sunday,0,1,15966.721307,29277.125,483750.0,56673.674379,251,953,1204
17,2011-01-17,Spring,2011,January,1,Monday,0,2,12118.586193,22096.375000000004,537500.0,58353.134971,117,883,1000
18,2011-01-18,Spring,2011,January,0,Tuesday,1,2,14932.906307000001,29041.625,861666.9999999998,44144.489324999995,9,674,683
19,2011-01-19,Spring,2011,January,0,Wednesday,1,2,20136.924254,37302.75,741739.0,62654.045870999995,78,1572,1650
20,2011-01-20,Spring,2011,January,0,Thursday,1,2,18034.351306999997,31881.25,538332.9999999999,58920.674752,83,1844,1927
21,2011-01-21,Spring,2011,January,0,Friday,1,1,12233.477499999999,19729.125000000004,457083.0,106242.12364600001,75,1468,1543
22,2011-01-22,Spring,2011,January,0,Saturday,0,1,4075.3262984000003,9883.7,400000.0,51722.213110000004,93,888,981
23,2011-01-23,Spring,2011,January,0,Sunday,0,1,6652.3720857,12354.8875,436522.0,74168.15580000001,150,836,986
24,2011-01-24,Spring,2011,January,0,Monday,1,1,6712.305787300001,14741.25,491738.99999999994,47619.80579,86,1330,1416
25,2011-01-25,Spring,2011,January,0,Tuesday,1,2,15402.327238000002,29315.750000000004,616957.0,39037.834348,186,1799,1985
26,2011-01-26,Spring,2011,January,0,Wednesday,1,3,14990.317500000001,25450.0,862500.0,88379.20755,34,472,506
27,2011-01-27,Spring,2011,January,0,Thursday,1,1,13439.595000000001,27462.5,687500.0,34237.957631,15,416,431
28,2011-01-28,Spring,2011,January,0,Friday,1,2,14023.907237999998,27914.624999999996,793043.0000000001,37084.077900000004,38,1129,1167
29,2011-01-29,Spring,2011,January,0,Saturday,0,1,13544.492762,26515.750000000004,651738.9999999999,43720.41349499999,123,975,1098
30,2011-01-30,Spring,2011,January,0,Sunday,0,1,14922.912762,31290.249999999996,722174.0,22251.2287238,140,956,1096
31,2011-01-31,Spring,2011,January,0,Monday,1,2,12463.191193,23281.25,603750.0,56300.427496000004,42,1459,1501
32,2011-02-01,Spring,2011,February,0,Tuesday,1,2,13244.824254000001,29316.249999999996,829565.0000000001,16004.501519,47,1313,1360
33,2011-02-02,Spring,2011,February,0,Wednesday,1,2,17919.46,31802.125,775417.0000000001,79494.067004,72,1454,1526
34,2011-02-03,Spring,2011,February,0,Thursday,1,1,12885.263397,22234.75,437826.0,83537.52477599999,61,1489,1550
35,2011-02-04,Spring,2011,February,0,Friday,1,2,14563.282984,28573.375000000004,585216.9999999999,38449.241157000004,88,1620,1708
36,2011-02-05,Spring,2011,February,0,Saturday,0,2,16081.543693,30382.25,929166.9999999998,48446.603277,100,905,1005
37,2011-02-06,Spring,2011,February,0,Sunday,0,1,19699.896193,36458.875,568332.9999999999,42648.193400000004,354,1269,1623
38,2011-02-07,Spring,2011,February,0,Monday,1,1,18723.561307,37957.25,738333.0000000001,13657.1365329,120,1592,1712
39,2011-02-08,Spring,2011,February,0,Tuesday,1,1,15220.031192999999,24780.75,537917.0,108861.16785000001,64,1466,1530
40,2011-02-09,Spring,2011,February,0,Wednesday,1,2,9289.379142999998,18035.375,494783.0,56795.784157,53,1552,1605
41,2011-02-10,Spring,2011,February,0,Thursday,1,1,9948.608508,18693.499999999996,437391.0,66749.836405,47,1491,1538
42,2011-02-11,Spring,2011,February,0,Friday,1,1,13032.340811000002,26688.625,506364.00000000006,32647.82365,149,1597,1746
43,2011-02-12,Spring,2011,February,0,Saturday,0,1,15334.9225,29119.25,544167.0,61165.269021,288,1184,1472
44,2011-02-13,Spring,2011,February,0,Sunday,0,1,21815.012762000002,40514.12499999999,457391.0,78463.95372899999,397,1192,1589
45,2011-02-14,Spring,2011,February,0,Monday,1,1,28602.215,49793.75,375832.99999999994,125691.263804,208,1705,1913
46,2011-02-15,Spring,2011,February,0,Tuesday,1,1,18338.982127000003,31784.249999999996,314348.00000000006,87634.518362,140,1675,1815
47,2011-02-16,Spring,2011,February,0,Wednesday,1,1,21934.866381000003,39524.99999999999,423478.0,75729.416533,218,1897,2115
48,2011-02-17,Spring,2011,February,0,Thursday,1,1,30038.046193,53582.25,505000.0,69206.769352,259,2216,2475
49,2011-02-18,Spring,2011,February,0,Friday,1,1,35953.811307,63997.875,516667.0,79679.63777500001,579,2348,2927
50,2011-02-19,Spring,2011,February,0,Saturday,0,1,27510.988806999994,48925.5,187916.99999999997,152626.094269,532,1103,1635
51,2011-02-20,Spring,2011,February,0,Sunday,0,1,19657.440856999998,34666.25,407826.0,67140.828305,639,1173,1812
52,2011-02-21,Spring,2011,February,1,Monday,0,2,20906.013693000004,35509.37500000001,605000.0,92588.68649800001,195,912,1107
53,2011-02-22,Spring,2011,February,0,Tuesday,1,1,12558.922462,23254.125000000004,577778.0,58854.206129,74,1376,1450
54,2011-02-23,Spring,2011,February,0,Wednesday,1,1,15282.473618999999,30714.625,423042.99999999994,28305.708219000004,139,1778,1917
55,2011-02-24,Spring,2011,February,0,Thursday,1,2,20376.631492000004,36148.875,697390.9999999999,75339.92844799999,100,1707,1807
56,2011-02-25,Spring,2011,February,0,Friday,1,2,25111.228508000004,43807.625,712174.0,104226.10925699999,120,1341,1461
57,2011-02-26,Spring,2011,February,0,Saturday,0,1,19470.1825,35274.0,537917.0,56113.65367299999,424,1545,1969
58,2011-02-27,Spring,2011,February,0,Sunday,0,1,23672.847238000002,43888.625,680000.0,37669.964223999996,694,1708,2402
59,2011-02-28,Spring,2011,February,0,Monday,1,2,28069.662432999998,50014.74999999999,876364.0000000001,87126.83041799998,81,1365,1446
60,2011-03-01,Spring,2011,March,0,Tuesday,1,1,18378.956307,32984.875,535000.0,65092.632275,137,1714,1851
61,2011-03-02,Spring,2011,March,0,Wednesday,1,1,23088.535000000003,40008.875,449583.0,92584.776579,231,1903,2134
62,2011-03-03,Spring,2011,March,0,Thursday,1,1,13669.308693,25016.625000000004,318333.0,67898.45030200001,123,1562,1685
63,2011-03-04,Spring,2011,March,0,Friday,1,2,18034.351306999997,31959.875,610417.0,61158.95299799999,214,1730,1944
64,2011-03-05,Spring,2011,March,0,Saturday,0,2,26477.173807,47347.37499999999,789166.9999999999,75753.477573,640,1437,2077
65,2011-03-06,Spring,2011,March,0,Sunday,0,2,25950.272762,45781.5,948261.0,103248.027981,114,491,605
66,2011-03-07,Spring,2011,March,0,Monday,1,1,18039.313619,29807.625,551304.0,102666.05157600001,244,1628,1872
67,2011-03-08,Spring,2011,March,0,Tuesday,1,1,20159.392499999998,37800.0,420833.0,36287.055949999994,316,1817,2133
68,2011-03-09,Spring,2011,March,0,Wednesday,1,2,20389.106193,35826.0,775417.0000000001,66212.97445000001,191,1700,1891
69,2011-03-10,Spring,2011,March,0,Thursday,1,3,26816.540811,48208.5,0.0,78762.912151,46,577,623
70,2011-03-11,Spring,2011,March,0,Friday,1,2,21815.012762000002,38125.0,649564.9999999999,70068.75611,247,1730,1977
71,2011-03-12,Spring,2011,March,0,Saturday,0,1,22686.518806999997,40718.74999999999,594582.9999999999,66400.951325,724,1408,2132
72,2011-03-13,Spring,2011,March,0,Sunday,0,1,26489.648508000002,47511.37500000001,527391.0000000001,81387.670852,982,1435,2417
73,2011-03-14,Spring,2011,March,0,Monday,1,1,22414.280856999998,41500.00000000001,496957.0,41182.274538,359,1687,2046
74,2011-03-15,Spring,2011,March,0,Tuesday,1,2,21874.905111,39772.25,655652.0,55433.327767,289,1767,2056
75,2011-03-16,Spring,2011,March,0,Wednesday,1,2,25171.120857,45866.25,776522.0000000001,61090.078271,321,1871,2192
76,2011-03-17,Spring,2011,March,0,Thursday,1,1,28602.215,51291.625,602917.0000000001,63033.60877699999,424,2320,2744
77,2011-03-18,Spring,2011,March,0,Friday,1,1,37217.340000000004,65876.125,525217.0,69481.365971,884,2355,3239
78,2011-03-19,Spring,2011,March,0,Saturday,0,1,32565.172499999997,58315.625,379167.0,110731.011421,1424,1693,3117
79,2011-03-20,Spring,2011,March,0,Sunday,0,1,22916.232500000002,40718.74999999999,473750.0,62474.791123,1047,1424,2471
80,2011-03-21,Summer,2011,March,0,Monday,1,2,29666.010635,51216.87500000001,737391.0000000001,86855.241429,401,1676,2077
81,2011-03-22,Summer,2011,March,0,Tuesday,1,1,30440.131306999996,55080.25,624583.0,67897.24725000001,460,2243,2703
82,2011-03-23,Summer,2011,March,0,Wednesday,1,2,23912.623397000003,42242.375,839565.0000000001,70457.04114300001,203,1918,2121
83,2011-03-24,Summer,2011,March,0,Thursday,1,2,19642.484999999997,33854.125,805833.0000000001,73322.109481,166,1699,1865
84,2011-03-25,Summer,2011,March,0,Friday,1,1,18206.653807,32039.0,495000.0,69393.543175,300,1910,2210
85,2011-03-26,Summer,2011,March,0,Saturday,0,1,18321.476193,32196.375,394167.0,63031.202673,981,1515,2496
86,2011-03-27,Summer,2011,March,0,Sunday,0,2,17439.976603000003,31292.375,493913.0,55430.620899999994,472,1221,1693
87,2011-03-28,Summer,2011,March,0,Monday,1,1,18219.128508,32196.750000000004,302174.0,63823.111652,222,1806,2028
88,2011-03-29,Summer,2011,March,0,Tuesday,1,1,20848.6025,36613.5,314167.0,68271.997948,317,2108,2425
89,2011-03-30,Summer,2011,March,0,Wednesday,1,2,20676.3,37168.75,646667.0000000001,51998.313544,168,1368,1536
90,2011-03-31,Summer,2011,March,0,Thursday,1,3,18493.778693,32196.875,918333.0,65459.863898,179,1506,1685
91,2011-04-01,Summer,2011,April,0,Friday,1,2,20676.3,35431.75,686250.0,77809.79420399999,307,1920,2227
92,2011-04-02,Summer,2011,April,0,Saturday,0,2,21710.114999999998,39454.625,653750.0,59294.222398,898,1354,2252
93,2011-04-03,Summer,2011,April,0,Sunday,0,1,26075.088692999998,47345.875,480000.0,54802.92851900001,1651,1598,3249
94,2011-04-04,Summer,2011,April,0,Monday,1,1,39514.683693,67866.125,426250.0,115965.490673,734,2381,3115
95,2011-04-05,Summer,2011,April,0,Tuesday,1,2,28544.803807,49793.75,642082.9999999999,116716.195121,167,1628,1795
96,2011-04-06,Summer,2011,April,0,Wednesday,1,1,26936.601192999995,48451.00000000001,470833.0,79119.617069,413,2395,2808
97,2011-04-07,Summer,2011,April,0,Thursday,1,1,30152.9375,54212.000000000015,602917.0000000001,48817.44405600001,571,2570,3141
98,2011-04-08,Summer,2011,April,0,Friday,1,2,23145.946193,40559.87500000001,836250.0,68270.79489599999,172,1299,1471
99,2011-04-09,Summer,2011,April,0,Saturday,0,2,23605.4425,42691.12500000001,877500.0,40026.442329,879,1576,2455
100,2011-04-10,Summer,2011,April,0,Sunday,0,2,29406.316306999997,53342.125,857500.0,44142.083221,1188,1707,2895
101,2011-04-11,Summer,2011,April,0,Monday,1,2,41052.931491999996,70652.12499999999,716956.0,97589.77366199999,855,2493,3348
102,2011-04-12,Summer,2011,April,0,Tuesday,1,2,34632.8025,61631.75,739167.0000000001,82673.43267699999,257,1777,2034
103,2011-04-13,Summer,2011,April,0,Wednesday,1,2,28429.912499999995,52160.37500000001,819166.9999999999,75376.320771,209,1953,2162
104,2011-04-14,Summer,2011,April,0,Thursday,1,1,32220.5675,57842.75,540417.0000000001,33294.4641,529,2738,3267
105,2011-04-15,Summer,2011,April,1,Friday,0,1,30784.736307,55239.125,671250.0,68085.224125,642,2484,3126
106,2011-04-16,Summer,2011,April,0,Saturday,0,3,29693.441193000006,53186.5,888333.0000000002,102502.43650400001,121,674,795
107,2011-04-17,Summer,2011,April,0,Sunday,0,1,31473.946307000002,55712.0,479583.0,91280.367448,1558,2186,3744
108,2011-04-18,Summer,2011,April,0,Monday,1,1,35322.0125,62893.25,542500.0,49194.901621,669,2760,3429
109,2011-04-19,Summer,2011,April,0,Tuesday,1,2,34862.516192999996,61157.25,665832.9999999999,47511.831872999996,409,2795,3204
110,2011-04-20,Summer,2011,April,0,Wednesday,1,1,41007.994999999995,70549.0,614167.0,72762.088775,613,3331,3944
111,2011-04-21,Summer,2011,April,0,Thursday,1,1,31646.248807,56736.5,407082.99999999994,97825.57185400001,745,3444,4189
112,2011-04-22,Summer,2011,April,0,Friday,1,2,23203.426307,40244.25,729582.9999999999,66023.794523,177,1506,1683
113,2011-04-23,Summer,2011,April,0,Saturday,0,2,31703.66,56265.125,887916.9999999998,69393.543175,1462,2574,4036
114,2011-04-24,Summer,2011,April,0,Sunday,0,2,40089.071307,68970.375,810833.0000000001,57799.129525000004,1710,2481,4191
115,2011-04-25,Summer,2011,April,0,Monday,1,1,41812.096307,71812.5,776667.0000000001,55741.309079,773,3300,4073
116,2011-04-26,Summer,2011,April,0,Tuesday,1,1,43535.121306999994,74260.37500000001,729167.0000000001,98199.11950000002,678,3722,4400
117,2011-04-27,Summer,2011,April,0,Wednesday,1,2,42731.020000000004,71892.75,835416.9999999998,93898.20859999998,547,3325,3872
118,2011-04-28,Summer,2011,April,0,Thursday,1,2,42558.717500000006,72366.12500000001,700833.0000000001,96517.25280400002,569,3489,4058
119,2011-04-29,Summer,2011,April,0,Friday,1,1,35149.71,62182.875,457083.0,72202.068069,878,3717,4595
120,2011-04-30,Summer,2011,April,0,Saturday,0,1,32565.172499999997,58002.625,503333.0,70701.862225,1965,3347,5312
121,2011-05-01,Summer,2011,May,0,Sunday,0,2,31129.341307,56025.5,762082.9999999999,31987.348102,1138,2213,3351
122,2011-05-02,Summer,2011,May,0,Monday,1,2,37849.138806999996,66604.125,730000.0,55176.175402,847,3554,4401
123,2011-05-03,Summer,2011,May,0,Tuesday,1,2,42501.306307,72759.875,697082.9999999999,103061.55492099999,603,3848,4451
124,2011-05-04,Summer,2011,May,0,Wednesday,1,2,28544.803807,50581.25000000001,737083.0000000001,98949.823948,255,2378,2633
125,2011-05-05,Summer,2011,May,0,Thursday,1,1,31646.248807,55239.625,444167.0,88842.984096,614,3819,4433
126,2011-05-06,Summer,2011,May,0,Friday,1,1,33024.668807,59264.625,590000.0,68647.95169799999,894,3714,4608
127,2011-05-07,Summer,2011,May,0,Saturday,0,1,35838.92,64077.625,541250.0,48257.423350000005,1612,3102,4714
128,2011-05-08,Summer,2011,May,0,Sunday,0,1,36413.238693,64866.625,631667.0,22448.198412499998,1401,2932,4333
129,2011-05-09,Summer,2011,May,0,Monday,1,1,36700.432499999995,65655.75,588750.0,52934.288,664,3698,4362
130,2011-05-10,Summer,2011,May,0,Tuesday,1,1,36700.432499999995,65340.125,489167.0,34789.556973,694,4109,4803
131,2011-05-11,Summer,2011,May,0,Wednesday,1,1,37389.6425,66050.0,632916.9999999999,36284.649846,550,3632,4182
132,2011-05-12,Summer,2011,May,0,Thursday,1,1,36872.735,65420.375,747500.0,57044.815921,695,4169,4864
133,2011-05-13,Summer,2011,May,0,Friday,1,2,35322.0125,61787.5,863333.0000000002,54054.630175,692,3413,4105
134,2011-05-14,Summer,2011,May,0,Saturday,0,2,35896.331193,62578.625,922500.0,40587.96685,902,2507,3409
135,2011-05-15,Summer,2011,May,0,Sunday,0,2,38768.0625,67000.0,867083.0000000002,46010.422977,1582,2971,4553
136,2011-05-16,Summer,2011,May,0,Monday,1,1,39801.8775,68814.0,787916.9999999999,38158.102573000004,773,3185,3958
137,2011-05-17,Summer,2011,May,0,Tuesday,1,2,38710.651307,67316.12500000001,837917.0,83417.82110199999,678,3445,4123
138,2011-05-18,Summer,2011,May,0,Wednesday,1,2,37906.55,65894.75,870000.0,60601.33839600001,536,3319,3855
139,2011-05-19,Summer,2011,May,0,Thursday,1,2,36585.541193000005,63842.75,829583.0,32546.466519,735,3840,4575
140,2011-05-20,Summer,2011,May,0,Friday,1,1,36987.626307,66130.25,719582.9999999999,37599.284919,909,4008,4917
141,2011-05-21,Summer,2011,May,0,Saturday,0,1,41524.902500000004,71496.875,626667.0,36287.055949999994,2258,3547,5805
142,2011-05-22,Summer,2011,May,0,Sunday,0,1,41639.793807,71812.5,749582.9999999999,44515.330104,1576,3084,4660
143,2011-05-23,Summer,2011,May,0,Monday,1,2,43535.121306999994,73787.0,810000.0,70331.02144599998,836,3438,4274
144,2011-05-24,Summer,2011,May,0,Tuesday,1,2,45487.86,75601.625,740832.9999999999,62285.611196,659,3833,4492
145,2011-05-25,Summer,2011,May,0,Wednesday,1,1,45545.271193,76942.75,696250.0,46387.57977900001,740,4238,4978
146,2011-05-26,Summer,2011,May,0,Thursday,1,1,48819.018693000005,81836.0,677500.0,60044.926846,758,3919,4677
147,2011-05-27,Summer,2011,May,0,Friday,1,1,46981.171307000004,79626.0,653750.0,72387.338077,871,3808,4679
148,2011-05-28,Summer,2011,May,0,Saturday,0,1,45200.666193000005,76547.375,729582.9999999999,69203.16019600001,2001,2757,4758
149,2011-05-29,Summer,2011,May,0,Sunday,0,1,46004.767499999994,76943.75000000001,818750.0,64344.63469399999,2355,2433,4788
150,2011-05-30,Summer,2011,May,1,Monday,0,1,50542.04369300001,83886.5,685000.0,39467.624675,1549,2549,4098
151,2011-05-31,Summer,2011,May,0,Tuesday,1,1,53413.775,90672.87500000001,636667.0,33483.644027,673,3309,3982
152,2011-06-01,Summer,2011,June,0,Wednesday,1,2,52667.15380700001,90120.875,677082.9999999999,62285.611196,513,3461,3974
153,2011-06-02,Summer,2011,June,0,Thursday,1,1,49278.515,80492.75,305000.0,87909.114981,736,4232,4968
154,2011-06-03,Summer,2011,June,0,Friday,1,1,42731.020000000004,73391.625,354167.0,76129.431323,898,4414,5312
155,2011-06-04,Summer,2011,June,0,Saturday,0,1,43764.835,74337.0,456250.0,37036.557346,1869,3473,5342
156,2011-06-05,Summer,2011,June,0,Sunday,0,2,44683.75869300001,77100.5,652500.0,41713.421996,1685,3221,4906
157,2011-06-06,Summer,2011,June,0,Monday,1,1,46751.388693,77732.25,600000.0,36661.806648,673,3875,4548
158,2011-06-07,Summer,2011,June,0,Tuesday,1,1,48761.607500000006,81993.75,597917.0000000001,56485.697503999996,763,4070,4833
159,2011-06-08,Summer,2011,June,0,Wednesday,1,1,53471.186192999994,90909.87500000001,622083.0000000001,41149.491371000004,676,3725,4401
160,2011-06-09,Summer,2011,June,0,Thursday,1,2,55711.118693,94697.37500000001,568332.9999999999,45079.260729,563,3352,3915
161,2011-06-10,Summer,2011,June,0,Friday,1,1,52035.354999999996,87911.5,605000.0,42273.442702,815,3771,4586
162,2011-06-11,Summer,2011,June,0,Saturday,0,1,49967.725,84754.75000000001,654583.0000000001,46573.15055,1729,3237,4966
163,2011-06-12,Summer,2011,June,0,Sunday,0,1,47727.792499999996,80415.62500000001,747917.0000000001,49194.901621,1467,2993,4460
164,2011-06-13,Summer,2011,June,0,Monday,1,1,43764.835,75206.75000000001,494583.0,91837.98204999999,863,4157,5020
165,2011-06-14,Summer,2011,June,0,Tuesday,1,1,41639.793807,73943.25,507082.9999999999,80990.362929,727,4164,4891
166,2011-06-15,Summer,2011,June,0,Wednesday,1,1,43190.516307,73469.25,471667.0,50501.716856,769,4411,5180
167,2011-06-16,Summer,2011,June,0,Thursday,1,2,43305.338693000005,74418.25,688332.9999999999,62098.837372999995,545,3222,3767
168,2011-06-17,Summer,2011,June,0,Friday,1,1,44741.238807,75047.875,735832.9999999999,43017.83112699999,863,3981,4844
169,2011-06-18,Summer,2011,June,0,Saturday,0,1,48014.986307,80494.25000000001,670417.0000000001,35913.508304,1807,3312,5119
170,2011-06-19,Summer,2011,June,0,Sunday,0,2,48187.288807000004,80730.75000000001,666667.0000000001,30677.825999999997,1639,3105,4744
171,2011-06-20,Summer,2011,June,0,Monday,1,2,43764.835,74418.25,746250.0,46761.127425,699,3311,4010
172,2011-06-21,Fall,2011,June,0,Tuesday,1,2,46923.691193000006,79705.75,770417.0000000001,51437.99207500001,774,4061,4835
173,2011-06-22,Fall,2011,June,0,Wednesday,1,1,50542.04369300001,86728.62500000001,707500.0,51810.035906,661,3846,4507
174,2011-06-23,Fall,2011,June,0,Thursday,1,2,50197.438693,86729.12500000001,703332.9999999999,71823.407452,746,4044,4790
175,2011-06-24,Fall,2011,June,0,Friday,1,1,49910.313807000006,82072.875,573333.0,66776.905075,969,4022,4991
176,2011-06-25,Fall,2011,June,0,Saturday,0,1,47900.094999999994,80414.125,483333.0,63031.202673,1782,3420,5202
177,2011-06-26,Fall,2011,June,0,Sunday,0,1,46866.280000000006,79703.625,513333.0,28432.1189079,1920,3385,5305
178,2011-06-27,Fall,2011,June,0,Monday,1,2,47038.582500000004,79625.5,658332.9999999999,32358.489644,854,3854,4708
179,2011-06-28,Fall,2011,June,0,Tuesday,1,1,51288.733807000004,86569.74999999999,634167.0000000001,43394.987928999995,732,3916,4648
180,2011-06-29,Fall,2011,June,0,Wednesday,1,1,50197.438693,81836.0,497917.0,78746.06942300001,848,4377,5225
181,2011-06-30,Fall,2011,June,0,Thursday,1,1,48014.986307,79626.0,434167.0000000001,55734.99305600001,1027,4488,5515
182,2011-07-01,Fall,2011,July,0,Friday,1,1,49795.4225,81520.25,396250.0,30860.689904000003,1246,4116,5362
183,2011-07-02,Fall,2011,July,0,Saturday,0,1,50886.648692999996,83413.5,444583.0,34606.392306,2204,2915,5119
184,2011-07-03,Fall,2011,July,0,Sunday,0,2,49393.406307000005,83571.875,682500.0,68832.018654,2282,2367,4649
185,2011-07-04,Fall,2011,July,1,Monday,0,2,50082.61630699999,83177.12500000001,637917.0,24505.928629600003,3065,2978,6043
186,2011-07-05,Fall,2011,July,0,Tuesday,1,1,51461.036306999995,87042.25000000001,590417.0,37973.734854,1031,3634,4665
187,2011-07-06,Fall,2011,July,0,Wednesday,1,1,49623.119999999995,85704.125,743333.0000000001,45079.260729,784,3845,4629
188,2011-07-07,Fall,2011,July,0,Thursday,1,1,51690.75,85858.875,651250.0,47881.469600000004,754,3838,4592
189,2011-07-08,Fall,2011,July,0,Friday,1,2,48876.498807,83810.37500000001,757916.9999999999,67710.473427,692,3348,4040
190,2011-07-09,Fall,2011,July,0,Saturday,0,1,50542.04369300001,83019.75000000001,609167.0,50501.716856,1988,3348,5336
191,2011-07-10,Fall,2011,July,0,Sunday,0,1,51518.4475,86253.125,578333.0,55181.288372999996,1743,3138,4881
192,2011-07-11,Fall,2011,July,0,Monday,1,1,52552.262500000004,91225.5,635833.0,84916.523131,723,3363,4086
193,2011-07-12,Fall,2011,July,0,Tuesday,1,1,54734.78380699999,92409.37499999999,559167.0,60228.99380199999,662,3596,4258
194,2011-07-13,Fall,2011,July,0,Wednesday,1,1,51461.036306999995,86175.5,631667.0,43951.39947900001,748,3594,4342
195,2011-07-14,Fall,2011,July,0,Thursday,1,1,46923.691193000006,79388.0,476250.0,72383.728921,888,4196,5084
196,2011-07-15,Fall,2011,July,0,Friday,1,1,45717.573693,78046.375,591250.0000000001,54989.401579,1318,4220,5538
197,2011-07-16,Fall,2011,July,0,Saturday,0,1,47325.776307,79782.875,585000.0,62661.564946000006,2418,3505,5923
198,2011-07-17,Fall,2011,July,0,Sunday,0,1,49565.708806999995,83729.125,604167.0,73696.86017900001,2006,3296,5302
199,2011-07-18,Fall,2011,July,0,Monday,1,1,51461.036306999995,87990.625,651250.0,64905.858452,841,3617,4458
200,2011-07-19,Fall,2011,July,0,Tuesday,1,1,53528.666307,93434.875,650417.0000000001,39279.6478,752,3789,4541
201,2011-07-20,Fall,2011,July,0,Wednesday,1,1,52954.278693,93356.25,707083.0000000001,34231.942371,644,3688,4332
202,2011-07-21,Fall,2011,July,0,Thursday,1,2,56170.615,103296.37500000001,691250.0,66775.70202299999,632,3152,3784
203,2011-07-22,Fall,2011,July,0,Friday,1,1,58467.958693,105112.00000000001,580417.0,40031.5553,562,2825,3387
204,2011-07-23,Fall,2011,July,0,Saturday,0,1,58525.438807,100535.87499999999,500000.0,39466.421623,987,2298,3285
205,2011-07-24,Fall,2011,July,0,Sunday,0,1,57204.43,99353.625,550833.0,50880.37747299999,1050,2556,3606
206,2011-07-25,Fall,2011,July,0,Monday,1,1,51231.253693000006,90119.75,757082.9999999999,27311.776732899998,568,3272,3840
207,2011-07-26,Fall,2011,July,0,Tuesday,1,1,53184.061307,87122.37500000001,540833.0,60230.196853999994,750,3840,4590
208,2011-07-27,Fall,2011,July,0,Wednesday,1,1,53413.775,86333.375,402917.00000000006,55178.882268999994,755,3901,4656
209,2011-07-28,Fall,2011,July,0,Thursday,1,1,53700.968807000005,92487.49999999999,583333.0,53679.879477,606,3784,4390
210,2011-07-29,Fall,2011,July,0,Friday,1,1,57778.748693,98245.875,542500.0,52374.267294,670,3176,3846
211,2011-07-30,Fall,2011,July,0,Saturday,0,1,55423.993807,91067.12500000001,465833.0,50689.693731,1559,2916,4475
212,2011-07-31,Fall,2011,July,0,Sunday,0,1,55538.816193,91224.50000000001,480833.0,49569.652319,1524,2778,4302
213,2011-08-01,Fall,2011,August,0,Monday,1,1,53184.061307,87911.5,550833.0,47134.675071,729,3537,4266
214,2011-08-02,Fall,2011,August,0,Tuesday,1,1,53988.093692999995,88383.875,491250.0,61912.06355,801,4044,4845
215,2011-08-03,Fall,2011,August,0,Wednesday,1,2,50427.221307,84992.12500000001,657500.0,40778.349829,467,3107,3574
216,2011-08-04,Fall,2011,August,0,Thursday,1,2,48933.909999999996,83098.50000000001,757500.0,59295.42545,799,3777,4576
217,2011-08-05,Fall,2011,August,0,Friday,1,1,48991.32119300001,82070.875,630832.9999999999,55549.723048,1023,3843,4866
218,2011-08-06,Fall,2011,August,0,Saturday,0,2,49393.406307000005,84519.25000000001,755000.0,68649.15475,1521,2773,4294
219,2011-08-07,Fall,2011,August,0,Sunday,0,1,51173.842500000006,89411.5,752916.9999999999,60599.834581,1298,2487,3785
220,2011-08-08,Fall,2011,August,0,Monday,1,1,52724.565,87910.375,592083.0,57799.129525000004,846,3480,4326
221,2011-08-09,Fall,2011,August,0,Tuesday,1,1,53413.775,90515.12499999999,570416.9999999999,45451.605322999996,907,3695,4602
222,2011-08-10,Fall,2011,August,0,Wednesday,1,1,52839.45630699999,85622.875,424167.0,60230.196853999994,884,3896,4780
223,2011-08-11,Fall,2011,August,0,Thursday,1,1,49450.817500000005,81440.125,423750.0,49564.539348000006,812,3980,4792
224,2011-08-12,Fall,2011,August,0,Friday,1,1,48819.018693000005,81755.25,415000.0,37782.148823,1051,3854,4905
225,2011-08-13,Fall,2011,August,0,Saturday,0,2,47268.296193,80732.25000000001,729582.9999999999,63597.539401999995,1504,2646,4150
226,2011-08-14,Fall,2011,August,0,Sunday,0,2,46636.566307,78048.50000000001,817500.0,66959.768979,1338,2482,3820
227,2011-08-15,Fall,2011,August,0,Monday,1,1,45889.876193,77020.875,712083.0000000001,62845.631902,775,3563,4338
228,2011-08-16,Fall,2011,August,0,Tuesday,1,1,48302.111193000004,80729.62499999999,578333.0,71079.019027,721,4004,4725
229,2011-08-17,Fall,2011,August,0,Wednesday,1,1,49852.833693,83333.87500000001,575417.0,43209.717920999996,668,4026,4694
230,2011-08-18,Fall,2011,August,0,Thursday,1,1,49048.801307,82782.25000000001,654583.0000000001,70140.33770399999,639,3166,3805
231,2011-08-19,Fall,2011,August,0,Friday,1,2,47210.885,79152.62500000001,722917.0000000001,41898.69200399999,797,3356,4153
232,2011-08-20,Fall,2011,August,0,Saturday,0,1,48072.3975,81124.50000000001,674166.9999999999,31419.808321,1914,3277,5191
233,2011-08-21,Fall,2011,August,0,Sunday,0,1,48991.32119300001,84440.62500000001,770000.0,74815.999302,1249,2624,3873
234,2011-08-22,Fall,2011,August,0,Monday,1,1,47670.381307,79781.75,470000.0,83236.16024999999,833,3925,4758
235,2011-08-23,Fall,2011,August,0,Tuesday,1,1,44166.851192999995,75758.375,455417.0,44140.880169000004,1281,4614,5895
236,2011-08-24,Fall,2011,August,0,Wednesday,1,1,46406.78369299999,78836.5,605000.0,76125.521404,949,4181,5130
237,2011-08-25,Fall,2011,August,0,Thursday,1,2,47153.473806999995,80731.75000000001,771667.0000000001,63410.76557899999,435,3107,3542
238,2011-08-26,Fall,2011,August,0,Friday,1,1,48244.700000000004,82466.625,761250.0,25252.8133875,768,3893,4661
239,2011-08-27,Fall,2011,August,0,Saturday,0,2,46866.280000000006,79444.5,850000.0,112971.695771,226,889,1115
240,2011-08-28,Fall,2011,August,0,Sunday,0,1,48731.213338999994,80994.87499999999,561765.0,91630.154817,1415,2919,4334
241,2011-08-29,Fall,2011,August,0,Monday,1,1,43879.726307000004,75994.75,554583.0000000001,48069.446475000004,729,3905,4634
242,2011-08-30,Fall,2011,August,0,Tuesday,1,1,44052.02880700001,74338.0,548332.9999999999,37597.781104,775,4429,5204
243,2011-08-31,Fall,2011,August,0,Wednesday,1,1,45258.146306999995,76390.12500000001,597917.0000000001,25063.5733079,688,4370,5058
244,2011-09-01,Fall,2011,September,0,Thursday,1,1,45143.255000000005,76865.12500000001,639167.0000000001,42646.990348,783,4332,5115
245,2011-09-02,Fall,2011,September,0,Friday,1,2,44339.153693,75601.0,727083.0000000001,42085.46582699999,875,3852,4727
246,2011-09-03,Fall,2011,September,0,Saturday,0,1,46119.658807,79151.625,716667.0000000001,55738.902975,1935,2549,4484
247,2011-09-04,Fall,2011,September,0,Sunday,0,1,48876.498807,83178.625,742083.0000000001,62097.634321000005,2521,2419,4940
248,2011-09-05,Fall,2011,September,1,Monday,0,2,46406.78369299999,78205.75000000001,790417.0000000001,63971.087047999994,1236,2115,3351
249,2011-09-06,Fall,2011,September,0,Tuesday,1,3,37217.340000000004,64400.0,886957.0,103445.32850899998,204,2506,2710
250,2011-09-07,Fall,2011,September,0,Wednesday,1,3,41295.188807,68028.625,917083.0,29180.266870400003,118,1878,1996
251,2011-09-08,Fall,2011,September,0,Thursday,1,3,43689.917873,69420.125,939565.0000000001,57971.466724,153,1689,1842
252,2011-09-09,Fall,2011,September,0,Friday,1,2,44798.65,72368.25,897916.9999999998,37408.601177000004,417,3127,3544
253,2011-09-10,Fall,2011,September,0,Saturday,0,1,45487.86,75995.25,753750.0,46199.60290400001,1750,3595,5345
254,2011-09-11,Fall,2011,September,0,Sunday,0,1,45028.36369300001,76153.625,713750.0,34603.986202,1633,3413,5046
255,2011-09-12,Fall,2011,September,0,Monday,1,1,44409.108508000005,75266.25000000001,692174.0,26741.740619000004,690,4023,4713
256,2011-09-13,Fall,2011,September,0,Tuesday,1,1,44856.061192999994,75444.25,712500.0,42649.396452,701,4062,4763
257,2011-09-14,Fall,2011,September,0,Wednesday,1,1,46406.78369299999,78362.5,697082.9999999999,50317.6499,647,4138,4785
258,2011-09-15,Fall,2011,September,0,Thursday,1,2,39801.8775,69208.875,709167.0000000001,81550.68439800001,428,3231,3659
259,2011-09-16,Fall,2011,September,0,Friday,1,2,32335.458807,57684.375,590417.0,49380.171629,742,4018,4760
260,2011-09-17,Fall,2011,September,0,Saturday,0,2,33886.181307,59814.0,718332.9999999999,57047.222025,1434,3077,4511
261,2011-09-18,Fall,2011,September,0,Sunday,0,1,34977.407499999994,61317.125,695000.0,53681.082529,1353,2921,4274
262,2011-09-19,Fall,2011,September,0,Monday,1,2,37849.138806999996,66209.375,690000.0,45638.37914599999,691,3848,4539
263,2011-09-20,Fall,2011,September,0,Tuesday,1,2,38710.651307,66527.12500000001,881250.0,40589.169901999994,438,3203,3641
264,2011-09-21,Fall,2011,September,0,Wednesday,1,2,41007.994999999995,68816.62500000001,900000.0,28994.8164046,539,3813,4352
265,2011-09-22,Fall,2011,September,0,Thursday,1,2,43305.338693000005,69370.375,902083.0,38535.259374999994,555,4240,4795
266,2011-09-23,Winter,2011,September,0,Friday,1,2,41984.398807000005,65265.624999999985,972500.0,23569.8037921,258,2137,2395
267,2011-09-24,Winter,2011,September,0,Saturday,0,2,41812.096307,70551.5,862500.0,23574.7964579,1776,3647,5423
268,2011-09-25,Winter,2011,September,0,Sunday,0,2,43707.423807,71579.62499999999,845000.0,15152.199329600002,1544,3466,5010
269,2011-09-26,Winter,2011,September,0,Monday,1,2,44741.238807,73630.24999999999,848333.0,33294.4641,684,3946,4630
270,2011-09-27,Winter,2011,September,0,Tuesday,1,2,43879.726307000004,71815.62499999999,885417.0,35541.464473,477,3643,4120
271,2011-09-28,Winter,2011,September,0,Wednesday,1,2,43764.835,71894.74999999999,848750.0,44702.103927000004,480,3427,3907
272,2011-09-29,Winter,2011,September,0,Thursday,1,1,42501.306307,71814.0,699166.9999999999,51996.80972900001,653,4186,4839
273,2011-09-30,Winter,2011,September,0,Friday,1,1,38882.953807,68103.625,647500.0,62100.040425,830,4372,5202
274,2011-10-01,Winter,2011,October,0,Saturday,0,2,28257.609999999997,51607.875,753750.0,87911.821848,480,1949,2429
275,2011-10-02,Winter,2011,October,0,Sunday,0,2,24581.846307,43164.625,791667.0000000001,66773.295919,616,2302,2918
276,2011-10-03,Winter,2011,October,0,Monday,1,2,26477.173807,49005.75,760832.9999999999,25067.3328454,330,3240,3570
277,2011-10-04,Winter,2011,October,0,Tuesday,1,1,33369.273807000005,59107.25,710000.0,61913.266602,486,3970,4456
278,2011-10-05,Winter,2011,October,0,Wednesday,1,1,37102.448693,65892.25,647916.9999999999,53310.24175,559,4267,4826
279,2011-10-06,Winter,2011,October,0,Thursday,1,1,34058.483807000004,60053.125,620832.9999999999,40589.169901999994,639,4126,4765
280,2011-10-07,Winter,2011,October,0,Friday,1,1,35207.121193,63050.5,684166.9999999999,6734.594867100001,949,4036,4985
281,2011-10-08,Winter,2011,October,0,Saturday,0,1,35953.811307,64155.25,701250.0,13655.9034046,2235,3174,5409
282,2011-10-09,Winter,2011,October,0,Sunday,0,1,37274.751193,65497.875,727500.0,19083.412350000002,2397,3114,5511
283,2011-10-10,Winter,2011,October,1,Monday,0,1,39342.381193,67865.625,733750.0,12723.5381046,1514,3603,5117
284,2011-10-11,Winter,2011,October,0,Tuesday,1,2,39055.256307,68262.0,808750.0,43021.741046,667,3896,4563
285,2011-10-12,Winter,2011,October,0,Wednesday,1,3,37447.053693,64714.62499999999,906250.0,74634.33845,217,2199,2416
286,2011-10-13,Winter,2011,October,0,Thursday,1,2,40605.97880700001,68975.5,896667.0,42644.283481,290,2623,2913
287,2011-10-14,Winter,2011,October,0,Friday,1,2,37963.961193,66209.375,716250.0,67335.722729,529,3115,3644
288,2011-10-15,Winter,2011,October,0,Saturday,0,1,34919.996306999994,62340.624999999985,483333.0,77621.81732900001,1899,3318,5217
289,2011-10-16,Winter,2011,October,0,Sunday,0,1,35264.601307,62894.25,486667.0,84730.050071,1748,3293,5041
290,2011-10-17,Winter,2011,October,0,Monday,1,1,36815.323807,63840.625,579582.9999999999,52747.514177000005,713,3857,4570
291,2011-10-18,Winter,2011,October,0,Tuesday,1,2,36700.432499999995,65340.125,701667.0000000001,33110.096381,637,4111,4748
292,2011-10-19,Winter,2011,October,0,Wednesday,1,3,37337.193619000005,64230.99999999999,895217.0000000002,73187.367657,254,2170,2424
293,2011-10-20,Winter,2011,October,0,Thursday,1,1,32794.886193000006,58315.625,636250.0,127004.69582500002,471,3724,4195
294,2011-10-21,Winter,2011,October,0,Friday,1,1,29463.727499999997,52949.5,574167.0,66587.725148,676,3628,4304
295,2011-10-22,Winter,2011,October,0,Saturday,0,1,29119.122499999998,53186.5,629167.0000000001,27870.714692100002,1499,2809,4308
296,2011-10-23,Winter,2011,October,0,Sunday,0,1,29061.711307000005,52791.625,741250.0,29929.6780375,1619,2762,4381
297,2011-10-24,Winter,2011,October,0,Monday,1,1,31933.373692999998,57133.375,772082.9999999999,35728.238296,699,3488,4187
298,2011-10-25,Winter,2011,October,0,Tuesday,1,1,32507.761306999997,57921.875,622917.0000000001,50124.560053999994,695,3992,4687
299,2011-10-26,Winter,2011,October,0,Wednesday,1,2,33369.273807000005,59105.75,720416.9999999999,44706.013845999994,404,3490,3894
300,2011-10-27,Winter,2011,October,0,Thursday,1,2,32392.87,57130.75,812917.0000000001,59479.793169,240,2419,2659
301,2011-10-28,Winter,2011,October,0,Friday,1,2,22801.341193,39851.5,585833.0000000001,69018.79247700001,456,3291,3747
302,2011-10-29,Winter,2011,October,0,Saturday,0,3,17517.443806999996,28489.125,882500.0,105679.39607300001,57,570,627
303,2011-10-30,Winter,2011,October,0,Sunday,0,1,21997.308807,40166.125,623750.0,53119.858771,885,2446,3331
304,2011-10-31,Winter,2011,October,0,Monday,1,1,23433.140000000003,44507.87500000001,703332.9999999999,31986.14505,362,3307,3669
305,2011-11-01,Winter,2011,November,0,Tuesday,1,1,27625.811192999998,49635.99999999999,683750.0,40774.740673,410,3658,4068
306,2011-11-02,Winter,2011,November,0,Wednesday,1,1,26017.677499999998,48766.625,718750.0,24690.1459671,370,3816,4186
307,2011-11-03,Winter,2011,November,0,Thursday,1,1,28142.718693000003,50740.12499999999,702083.0000000001,41149.491371000004,318,3656,3974
308,2011-11-04,Winter,2011,November,0,Friday,1,2,27798.113693000003,50423.99999999999,622500.0000000001,81741.067377,470,3576,4046
309,2011-11-05,Winter,2011,November,0,Saturday,0,1,22514.216307,40481.74999999999,519167.0000000001,56862.854305999994,1156,2770,3926
310,2011-11-06,Winter,2011,November,0,Sunday,0,1,24007.458693,45294.75000000001,734582.9999999999,27686.497354600004,952,2697,3649
311,2011-11-07,Winter,2011,November,0,Monday,1,1,27223.795000000002,50108.875,758750.0,17211.162675,373,3662,4035
312,2011-11-08,Winter,2011,November,0,Tuesday,1,1,28142.718693000003,51530.75,721666.9999999999,20763.9256125,376,3829,4205
313,2011-11-09,Winter,2011,November,0,Wednesday,1,1,27568.400000000005,51134.87500000001,758333.0000000001,18706.195395400002,305,3804,4109
314,2011-11-10,Winter,2011,November,0,Thursday,1,2,26189.98,46715.12500000001,813332.9999999999,56864.358121000005,190,2743,2933
315,2011-11-11,Winter,2011,November,1,Friday,0,1,22341.913806999997,38352.125,446250.0,94642.597025,440,2928,3368
316,2011-11-12,Winter,2011,November,0,Saturday,0,1,24581.846307,44742.74999999999,552917.0,63780.403306,1275,2792,4067
317,2011-11-13,Winter,2011,November,0,Sunday,0,1,30382.651192999998,53818.75,458333.0,84731.253123,1004,2713,3717
318,2011-11-14,Winter,2011,November,0,Monday,1,1,36528.130000000005,65576.5,587083.0,92212.732748,595,3891,4486
319,2011-11-15,Winter,2011,November,0,Tuesday,1,2,36528.130000000005,63447.375,688750.0,60042.219978999994,449,3746,4195
320,2011-11-16,Winter,2011,November,0,Wednesday,1,3,31473.946307000002,56498.5,930000.0,41153.100526999995,145,1672,1817
321,2011-11-17,Winter,2011,November,0,Thursday,1,2,23548.031306999997,40402.625,575833.0,91841.59120600001,139,2914,3053
322,2011-11-18,Winter,2011,November,0,Friday,1,1,18895.863807,34090.125,410000.0,50688.490678999995,245,3147,3392
323,2011-11-19,Winter,2011,November,0,Saturday,0,1,22686.518806999997,40560.37500000001,502082.9999999999,67520.090448,943,2720,3663
324,2011-11-20,Winter,2011,November,0,Sunday,0,2,31933.373692999998,57132.25,684583.0000000001,55926.87985,787,2733,3520
325,2011-11-21,Winter,2011,November,0,Monday,1,3,30842.147500000003,55632.75,910000.0,41521.53520200001,220,2545,2765
326,2011-11-22,Winter,2011,November,0,Tuesday,1,3,28717.106307000002,52712.0,962500.0,35728.238296,69,1538,1607
327,2011-11-23,Winter,2011,November,0,Wednesday,1,2,30382.651192999998,53817.125,757916.9999999999,101003.734475,112,2454,2566
328,2011-11-24,Winter,2011,November,1,Thursday,0,1,25730.483693,46558.87500000001,549167.0,50318.85295200001,560,935,1495
329,2011-11-25,Winter,2011,November,0,Friday,1,1,25845.375,47583.87499999999,643750.0,29744.197495400003,1095,1697,2792
330,2011-11-26,Winter,2011,November,0,Saturday,0,1,25902.786193,48135.87500000001,681667.0000000001,20578.445070399997,1249,1819,3068
331,2011-11-27,Winter,2011,November,0,Sunday,0,1,31646.248807,56975.0,698332.9999999999,62845.631902,810,2261,3071
332,2011-11-28,Winter,2011,November,0,Monday,1,1,34700.207237999995,61265.25,743042.9999999999,42745.039086,253,3614,3867
333,2011-11-29,Winter,2011,November,0,Tuesday,1,2,31588.768692999998,56421.875,830833.0000000002,77624.524196,96,2818,2914
334,2011-11-30,Winter,2011,November,0,Wednesday,1,1,22399.325,38902.62500000001,613333.0,81554.293554,188,3425,3613
335,2011-12-01,Winter,2011,December,0,Thursday,1,1,21537.8125,38194.25,524583.0,66215.380554,182,3545,3727
336,2011-12-02,Winter,2011,December,0,Friday,1,1,21652.703807,41429.12499999999,625832.9999999999,30303.075301999997,268,3672,3940
337,2011-12-03,Winter,2011,December,0,Saturday,0,1,20618.888807000003,38825.5,612917.0000000001,28808.072657899997,706,2908,3614
338,2011-12-04,Winter,2011,December,0,Sunday,0,1,22801.341193,43637.50000000001,775832.9999999999,25251.5501829,634,2851,3485
339,2011-12-05,Winter,2011,December,0,Monday,1,2,26591.996193000003,49240.62500000001,827083.0000000002,18709.954932900004,233,3578,3811
340,2011-12-06,Winter,2011,December,0,Tuesday,1,3,31875.962500000005,57050.0,949583.0,69952.360829,126,2468,2594
341,2011-12-07,Winter,2011,December,0,Wednesday,1,3,28257.609999999997,50030.75,970416.9999999998,80055.59152500001,50,655,705
342,2011-12-08,Winter,2011,December,0,Thursday,1,1,18321.476193,32117.25,579999.9999999999,72200.564254,150,3172,3322
343,2011-12-09,Winter,2011,December,0,Friday,1,1,20044.501193,39692.74999999999,695833.0000000001,24878.1228421,261,3359,3620
344,2011-12-10,Winter,2011,December,0,Saturday,0,1,18953.275,33301.5,507499.9999999999,70144.247623,502,2688,3190
345,2011-12-11,Winter,2011,December,0,Sunday,0,1,15220.031192999999,31644.25,490000.0,20013.281317099998,377,2366,2743
346,2011-12-12,Winter,2011,December,0,Monday,1,1,16426.148692999996,33774.5,670833.0000000001,19083.412350000002,143,3167,3310
347,2011-12-13,Winter,2011,December,0,Tuesday,1,1,19470.1825,37642.25,590000.0,42272.239649999996,155,3368,3523
348,2011-12-14,Winter,2011,December,0,Wednesday,1,2,21882.4175,42295.25,663750.0,18334.0011829,178,3562,3740
349,2011-12-15,Winter,2011,December,0,Thursday,1,2,29119.122499999998,51529.625,634167.0000000001,80617.116046,181,3528,3709
350,2011-12-16,Winter,2011,December,0,Friday,1,2,25845.375,44978.125,500417.0,78371.318725,178,3399,3577
351,2011-12-17,Winter,2011,December,0,Saturday,0,2,17804.568693,31171.375,560833.0,73135.636421,275,2464,2739
352,2011-12-18,Winter,2011,December,0,Sunday,0,1,16426.148692999996,30697.375,586250.0000000001,51063.241377000006,220,2211,2431
353,2011-12-19,Winter,2011,December,0,Monday,1,1,19068.166307,35116.625,637499.9999999999,52000.719648,260,3143,3403
354,2011-12-20,Winter,2011,December,0,Tuesday,1,2,26591.996193000003,49556.74999999999,595417.0,18518.218520399998,216,3534,3750
355,2011-12-21,Spring,2011,December,0,Wednesday,1,2,29521.138693,53502.125,858333.0000000002,66588.9282,107,2553,2660
356,2011-12-22,Spring,2011,December,0,Thursday,1,2,29176.533693,53265.125000000015,757500.0,14218.570824999999,227,2841,3068
357,2011-12-23,Spring,2011,December,0,Friday,1,1,25730.483693,47189.125,686250.0,82483.049698,163,2046,2209
358,2011-12-24,Spring,2011,December,0,Saturday,0,1,20848.6025,37405.25,542500.0,57236.401952,155,856,1011
359,2011-12-25,Spring,2011,December,0,Sunday,0,1,18938.319143,34995.125,681304.0000000001,46645.634433,303,451,754
360,2011-12-26,Spring,2011,December,1,Monday,0,1,22174.573619,39441.875,506957.00000000006,72022.211795,430,887,1317
361,2011-12-27,Spring,2011,December,0,Tuesday,1,2,22399.325,40954.125,762500.0,56678.787350000006,103,1059,1162
362,2011-12-28,Spring,2011,December,0,Wednesday,1,1,20616.33873,34996.75,503913.0000000001,88412.59224299998,255,2047,2302
363,2011-12-29,Spring,2011,December,0,Thursday,1,1,17115.358693000002,32986.5,574167.0,35914.711356,254,2169,2423
364,2011-12-30,Spring,2011,December,0,Friday,1,1,21480.401307,39851.5,636667.0,40403.599131,491,2508,2999
365,2011-12-31,Spring,2011,December,0,Saturday,0,1,28257.609999999997,51765.125,615832.9999999999,66214.177502,665,1820,2485
366,2012-01-01,Spring,2012,January,0,Sunday,0,1,25500.77,46952.625,692500.0,57796.723421,686,1608,2294
367,2012-01-02,Spring,2012,January,1,Monday,0,1,18818.396603,31537.999999999993,381303.99999999994,99151.034395,244,1707,1951
368,2012-01-03,Spring,2012,January,0,Tuesday,1,1,10338.15,15784.375,441250.0,109980.30697300001,89,2147,2236
369,2012-01-04,Spring,2012,January,0,Wednesday,1,2,7409.0075,14917.124999999998,414583.0,55550.9261,95,2273,2368
370,2012-01-05,Spring,2012,January,0,Thursday,1,1,18321.476193,34801.5,524167.0000000001,39095.280081,140,3132,3272
371,2012-01-06,Spring,2012,January,0,Friday,1,1,23031.123807,42533.37499999999,542083.0,50500.513804,307,3791,4098
372,2012-01-07,Spring,2012,January,0,Saturday,0,1,27108.903693,48847.375,531667.0,52560.740354,1070,3451,4521
373,2012-01-08,Spring,2012,January,0,Sunday,0,1,23260.837499999998,42532.25000000001,465000.0,57608.746546,599,2826,3425
374,2012-01-09,Spring,2012,January,0,Monday,1,2,15449.813807,30934.875,701667.0000000001,29745.4607,106,2270,2376
375,2012-01-10,Spring,2012,January,0,Tuesday,1,1,21275.637016000004,39853.25,646522.0000000001,56408.702176,173,3425,3598
376,2012-01-11,Spring,2012,January,0,Wednesday,1,2,18895.863807,35352.625,847500.0,39466.421623,92,2085,2177
377,2012-01-12,Spring,2012,January,0,Thursday,1,2,26362.2825,47742.25,802917.0000000001,54428.177821,269,3828,4097
378,2012-01-13,Spring,2012,January,0,Friday,1,1,18895.863807,31170.25,507499.9999999999,113720.896404,174,3040,3214
379,2012-01-14,Spring,2012,January,0,Saturday,0,1,12405.779999999999,22885.875,457500.0,56297.720628999996,333,2160,2493
380,2012-01-15,Spring,2012,January,0,Sunday,0,1,11486.856307000002,20203.124999999996,419167.0,75569.109854,284,2027,2311
381,2012-01-16,Spring,2012,January,1,Monday,0,1,13094.99,23832.875,522500.0,69583.926154,217,2081,2298
382,2012-01-17,Spring,2012,January,0,Tuesday,1,2,25710.496603,45534.75,716087.0,105005.38619,127,2808,2935
383,2012-01-18,Spring,2012,January,0,Wednesday,1,1,20906.013693000004,34406.75,443332.9999999999,124945.672327,109,3267,3376
384,2012-01-19,Spring,2012,January,0,Thursday,1,1,13094.99,23754.75,497500.0,66215.380554,130,3162,3292
385,2012-01-20,Spring,2012,January,0,Friday,1,2,14990.317500000001,27619.75,450000.0,60979.69825,115,3048,3163
386,2012-01-21,Spring,2012,January,0,Saturday,0,2,11946.283693,21859.375,831250.0,66962.475846,67,1234,1301
387,2012-01-22,Spring,2012,January,0,Sunday,0,2,11199.6625,20281.250000000004,796250.0,60043.723794000005,196,1781,1977
388,2012-01-23,Spring,2012,January,0,Monday,1,2,15047.728693000001,30382.25,911250.0,33296.870204000006,145,2287,2432
389,2012-01-24,Spring,2012,January,0,Tuesday,1,1,23605.4425,43638.49999999999,835833.0000000002,37224.534221,439,3900,4339
390,2012-01-25,Spring,2012,January,0,Wednesday,1,1,20274.283807,36852.625,643750.0,48444.19717299999,467,3803,4270
391,2012-01-26,Spring,2012,January,0,Thursday,1,2,23548.031306999997,44506.24999999999,769583.0000000001,22074.7409954,244,3831,4075
392,2012-01-27,Spring,2012,January,0,Friday,1,2,29291.425000000003,51922.875,741250.0,103061.55492099999,269,3187,3456
393,2012-01-28,Spring,2012,January,0,Saturday,0,1,21767.526192999998,40797.37499999999,543332.9999999999,63409.562526999995,775,3248,4023
394,2012-01-29,Spring,2012,January,0,Sunday,0,1,19470.1825,34090.125,311250.00000000006,72198.15815,558,2685,3243
395,2012-01-30,Spring,2012,January,0,Monday,1,1,18551.258807000002,32828.125,400833.0,64902.249296,126,3498,3624
396,2012-01-31,Spring,2012,January,0,Tuesday,1,1,26879.190000000002,47664.625,416667.0,78744.866371,324,4185,4509
397,2012-02-01,Spring,2012,February,0,Wednesday,1,1,32335.458807,58317.25,507916.99999999994,56864.358121000005,304,4275,4579
398,2012-02-02,Spring,2012,February,0,Thursday,1,2,27510.988806999994,49871.375,672916.9999999999,56298.92368099999,190,3571,3761
399,2012-02-03,Spring,2012,February,0,Friday,1,1,21595.223693,38668.25,526667.0,53684.992448000005,310,3841,4151
400,2012-02-04,Spring,2012,February,0,Saturday,0,2,18206.653807,34090.625,779583.0000000001,36661.806648,384,2448,2832
401,2012-02-05,Spring,2012,February,0,Sunday,0,2,18321.476193,33065.125,687917.0000000001,52933.084948,318,2629,2947
402,2012-02-06,Spring,2012,February,0,Monday,1,1,19477.694889,37053.25,622174.0,46257.3494,206,3578,3784
403,2012-02-07,Spring,2012,February,0,Tuesday,1,1,24409.543807000002,45138.0,496250.0,44326.15017700001,199,4176,4375
404,2012-02-08,Spring,2012,February,0,Wednesday,1,2,17689.746307,33302.62500000001,722917.0000000001,40218.329123,109,2693,2802
405,2012-02-09,Spring,2012,February,0,Thursday,1,1,18264.065000000002,32748.499999999996,562083.0,58359.15023099999,163,3667,3830
406,2012-02-10,Spring,2012,February,0,Friday,1,2,19355.291193,36694.75,540000.0,35167.91682700001,227,3604,3831
407,2012-02-11,Spring,2012,February,0,Saturday,0,3,15449.813807,26358.375,731250.0,87159.914348,192,1977,2169
408,2012-02-12,Spring,2012,February,0,Sunday,0,1,8787.4275,12707.25,464583.0,123075.828756,73,1456,1529
409,2012-02-13,Spring,2012,February,0,Monday,1,1,15334.9225,28489.125,411250.0,50312.536928999994,94,3328,3422
410,2012-02-14,Spring,2012,February,0,Tuesday,1,2,21997.308807,41743.25000000001,508750.0,42461.419577,135,3787,3922
411,2012-02-15,Spring,2012,February,0,Wednesday,1,1,24007.458693,43953.625,531250.0,54618.56080000001,141,4028,4169
412,2012-02-16,Spring,2012,February,0,Thursday,1,2,21825.006306999996,41270.25,752916.9999999999,27497.257275000004,74,2931,3005
413,2012-02-17,Spring,2012,February,0,Friday,1,1,23662.853693,43953.625,634583.0,61910.860498,349,3805,4154
414,2012-02-18,Spring,2012,February,0,Saturday,0,1,23892.636307000004,44428.12499999999,534583.0,57424.37882699999,1435,2883,4318
415,2012-02-19,Spring,2012,February,0,Sunday,0,2,19297.88,33223.5,515833.0,76126.72445600001,618,2071,2689
416,2012-02-20,Spring,2012,February,1,Monday,0,1,19297.88,34173.875,507826.0,68899.690329,502,2627,3129
417,2012-02-21,Spring,2012,February,0,Tuesday,1,1,19837.255746000003,36889.125,594348.0,61872.062071,163,3614,3777
418,2012-02-22,Spring,2012,February,0,Wednesday,1,1,27281.206192999998,49083.375,567917.0,70520.201373,394,4379,4773
419,2012-02-23,Spring,2012,February,0,Thursday,1,1,31301.643806999997,55555.75,554583.0000000001,57419.566619000005,516,4546,5062
420,2012-02-24,Spring,2012,February,0,Friday,1,2,28085.3075,51371.375,737500.0,71451.363621,246,3241,3487
421,2012-02-25,Spring,2012,February,0,Saturday,0,1,20044.501193,31959.375,395833.0,126814.312846,317,2415,2732
422,2012-02-26,Spring,2012,February,0,Sunday,0,1,19240.468807,33538.5,410000.0,61725.289726999996,515,2874,3389
423,2012-02-27,Spring,2012,February,0,Monday,1,1,25271.056307000003,44744.25,490833.0,80614.40917900001,253,4069,4322
424,2012-02-28,Spring,2012,February,0,Tuesday,1,1,24754.148807,44190.625,395833.0,58172.677171,229,4134,4363
425,2012-02-29,Spring,2012,February,0,Wednesday,1,2,23732.808508,43558.75,804783.0000000001,53871.766271,65,1769,1834
426,2012-03-01,Spring,2012,March,0,Thursday,1,1,33484.096193000005,59421.374999999985,615417.0,68269.29108099999,325,4665,4990
427,2012-03-02,Spring,2012,March,0,Friday,1,2,24352.063693,44980.25,657082.9999999999,43581.761752,246,2948,3194
428,2012-03-03,Spring,2012,March,0,Saturday,0,2,28544.803807,51686.5,621250.0,48446.603277,956,3110,4066
429,2012-03-04,Spring,2012,March,0,Sunday,0,1,22456.736193,37877.625,403333.0,100626.577673,710,2713,3423
430,2012-03-05,Spring,2012,March,0,Monday,1,1,16770.753693,30146.375,506250.0,68832.018654,203,3130,3333
431,2012-03-06,Spring,2012,March,0,Tuesday,1,1,17804.568693,31880.249999999996,456667.0,60415.76762499999,221,3735,3956
432,2012-03-07,Spring,2012,March,0,Wednesday,1,1,27855.593806999997,48137.5,513333.0,103997.529377,432,4484,4916
433,2012-03-08,Spring,2012,March,0,Thursday,1,1,36355.8275,65575.49999999999,567500.0,132805.812569,486,4896,5382
434,2012-03-09,Spring,2012,March,0,Friday,1,2,28315.021192999997,49635.375,407082.99999999994,124756.4924,447,4122,4569
435,2012-03-10,Spring,2012,March,0,Saturday,0,1,19814.7875,34720.87499999999,350417.0,67897.24725000001,968,3150,4118
436,2012-03-11,Spring,2012,March,0,Sunday,0,1,24931.413619,44958.75,476957.00000000006,66945.933881,1658,3253,4911
437,2012-03-12,Spring,2012,March,0,Monday,1,1,32163.156306999997,57449.0,489167.0,62472.385019,838,4460,5298
438,2012-03-13,Spring,2012,March,0,Tuesday,1,1,38940.365,67866.125,617500.0000000001,71265.79285000001,762,5085,5847
439,2012-03-14,Spring,2012,March,0,Wednesday,1,1,39457.2725,68577.125,507082.9999999999,34606.392306,997,5315,6312
440,2012-03-15,Spring,2012,March,0,Thursday,1,1,38423.4575,66603.125,579582.9999999999,45079.260729,1005,5187,6192
441,2012-03-16,Spring,2012,March,0,Friday,1,2,30038.046193,54528.625,842083.0000000002,34043.965496000004,548,3830,4378
442,2012-03-17,Spring,2012,March,0,Saturday,0,2,35436.903807,63130.75,755832.9999999999,33295.667152,3155,4681,7836
443,2012-03-18,Spring,2012,March,0,Sunday,0,2,32565.172499999997,58000.000000000015,810000.0,38161.711728999995,2207,3685,5892
444,2012-03-19,Spring,2012,March,0,Monday,1,1,37561.94500000001,66602.625,728750.0,48818.947871,982,5171,6153
445,2012-03-20,Spring,2012,March,0,Tuesday,1,1,38653.171193,67316.62500000001,807917.0000000001,36473.829773,1051,5042,6093
446,2012-03-21,Summer,2012,March,0,Wednesday,1,2,36643.021306999995,64157.25,821250.0,26935.822982899997,1122,5108,6230
447,2012-03-22,Summer,2012,March,0,Thursday,1,1,38193.743807,66445.875,831250.0,35358.299806,1334,5537,6871
448,2012-03-23,Summer,2012,March,0,Friday,1,2,41467.491307,71258.375,694166.9999999999,34978.736899999996,2469,5893,8362
449,2012-03-24,Summer,2012,March,0,Saturday,0,2,34632.8025,60841.62500000001,885417.0,57981.993428999995,1033,2339,3372
450,2012-03-25,Summer,2012,March,0,Sunday,0,2,30152.9375,54685.99999999999,880833.0,66400.951325,1532,3464,4996
451,2012-03-26,Summer,2012,March,0,Monday,1,1,30727.256193,54843.75,477917.0,116341.44442300001,795,4763,5558
452,2012-03-27,Summer,2012,March,0,Tuesday,1,1,22284.433693000003,39456.75,289999.99999999994,56300.427496000004,531,4571,5102
453,2012-03-28,Summer,2012,March,0,Wednesday,1,1,33369.273807000005,58868.75,481250.0,87723.844973,674,5024,5698
454,2012-03-29,Summer,2012,March,0,Thursday,1,1,34058.483807000004,60288.0,439167.0,96138.89295000001,834,5299,6133
455,2012-03-30,Summer,2012,March,0,Friday,1,2,25500.77,46952.625,580833.0,41525.445121000004,796,4663,5459
456,2012-03-31,Summer,2012,March,0,Saturday,0,2,29234.013807,52713.5,738333.0000000001,75376.320771,2301,3934,6235
457,2012-04-01,Summer,2012,April,0,Sunday,0,2,29348.836193000003,52160.87500000001,676250.0,51811.539721,2347,3694,6041
458,2012-04-02,Summer,2012,April,0,Monday,1,1,29905.717872999998,53439.125,504348.00000000006,93879.86205699999,1208,4728,5936
459,2012-04-03,Summer,2012,April,0,Tuesday,1,1,32163.156306999997,57685.375,396667.0,30116.301478999998,1348,5424,6772
460,2012-04-04,Summer,2012,April,0,Wednesday,1,1,37332.231307,66681.25,469582.9999999999,54430.583925000006,1058,5378,6436
461,2012-04-05,Summer,2012,April,0,Thursday,1,1,29980.635000000002,53895.375,374167.00000000006,66026.200627,1192,5265,6457
462,2012-04-06,Summer,2012,April,0,Friday,1,1,27798.113693000003,48845.87499999999,377083.0,90345.596044,1807,4653,6460
463,2012-04-07,Summer,2012,April,0,Saturday,0,1,30152.9375,53266.125,254167.0,82671.02657299998,3252,3605,6857
464,2012-04-08,Summer,2012,April,0,Sunday,0,1,34460.5,61553.125,275833.0,69956.270748,2230,2939,5169
465,2012-04-09,Summer,2012,April,0,Monday,1,1,33713.878807,59579.75,317500.0,107732.103548,905,4680,5585
466,2012-04-10,Summer,2012,April,0,Tuesday,1,1,30784.736307,54529.125,435000.0,75002.77312500002,819,5099,5918
467,2012-04-11,Summer,2012,April,0,Wednesday,1,1,24032.477015999997,42159.25,469564.99999999994,88807.494062,482,4380,4862
468,2012-04-12,Summer,2012,April,0,Thursday,1,1,27396.0975,48450.49999999999,466250.0,87350.297327,663,4746,5409
469,2012-04-13,Summer,2012,April,0,Friday,1,1,30497.542500000003,53976.00000000001,408333.0,46759.924373,1252,5146,6398
470,2012-04-14,Summer,2012,April,0,Saturday,0,1,34115.895,60999.5,502916.99999999994,57420.769671,2795,4665,7460
471,2012-04-15,Summer,2012,April,0,Sunday,0,1,41812.096307,71734.375,507916.99999999994,67710.473427,2846,4286,7132
472,2012-04-16,Summer,2012,April,1,Monday,0,1,45775.05380699999,76865.62500000001,561667.0000000001,85666.02452699999,1198,5172,6370
473,2012-04-17,Summer,2012,April,0,Tuesday,1,1,41926.918693,74810.875,390417.0,82297.47892699999,989,5702,6691
474,2012-04-18,Summer,2012,April,0,Wednesday,1,2,31933.373692999998,57129.75,569167.0,50501.716856,347,4020,4367
475,2012-04-19,Summer,2012,April,0,Thursday,1,1,34345.608693,61630.75,612500.0000000001,19829.0639796,846,5719,6565
476,2012-04-20,Summer,2012,April,0,Friday,1,1,36298.41630700001,64471.875,694582.9999999999,45075.651572999996,1340,5950,7290
477,2012-04-21,Summer,2012,April,0,Saturday,0,1,39284.969999999994,67865.125,682917.0000000001,85292.47688099998,2541,4083,6624
478,2012-04-22,Summer,2012,April,0,Sunday,0,3,27338.686307,48688.0,835416.9999999998,103626.68859800001,120,907,1027
479,2012-04-23,Summer,2012,April,0,Monday,1,2,22169.611307,37640.62499999999,766666.9999999999,91280.367448,195,3019,3214
480,2012-04-24,Summer,2012,April,0,Tuesday,1,1,28487.323693000006,50660.375,454167.0,75005.17922899999,518,5115,5633
481,2012-04-25,Summer,2012,April,0,Wednesday,1,1,32852.366307000004,58789.625,427917.0,35728.238296,655,5541,6196
482,2012-04-26,Summer,2012,April,0,Thursday,1,2,34345.608693,60447.875,756666.9999999999,53122.264875,475,4551,5026
483,2012-04-27,Summer,2012,April,0,Friday,1,1,31531.357500000002,56579.625,400833.0,104555.143979,1014,5219,6233
484,2012-04-28,Summer,2012,April,0,Saturday,0,2,25960.266307,47188.0,489583.0,39091.670925,1120,3100,4220
485,2012-04-29,Summer,2012,April,0,Sunday,0,1,31588.768692999998,56265.125,587083.0,35161.600803999994,2229,4075,6304
486,2012-04-30,Summer,2012,April,0,Monday,1,2,31990.853807000003,57212.0,569999.9999999999,51622.359793999996,665,4907,5572
487,2012-05-01,Summer,2012,May,0,Tuesday,1,2,42271.523692999996,72127.625,659583.0000000001,46947.901248,653,5087,5740
488,2012-05-02,Summer,2012,May,0,Wednesday,1,1,38882.953807,67237.00000000001,797082.9999999999,41522.73825399999,667,5502,6169
489,2012-05-03,Summer,2012,May,0,Thursday,1,2,38595.76,67155.25,768333.0000000001,40210.810048,764,5657,6421
490,2012-05-04,Summer,2012,May,0,Friday,1,1,43247.9275,73864.625,735416.9999999999,49005.721694,1069,5227,6296
491,2012-05-05,Summer,2012,May,0,Saturday,0,2,42845.911306999995,73076.0,756666.9999999999,46014.332896,2496,4387,6883
492,2012-05-06,Summer,2012,May,0,Sunday,0,2,38768.0625,68342.12500000001,740000.0,45078.057677,2135,4224,6359
493,2012-05-07,Summer,2012,May,0,Monday,1,2,37045.0375,65892.75,664166.9999999999,69392.34012300002,1008,5265,6273
494,2012-05-08,Summer,2012,May,0,Tuesday,1,2,40089.071307,69683.875,685833.0000000001,89034.570127,738,4990,5728
495,2012-05-09,Summer,2012,May,0,Wednesday,1,2,39629.575,69128.125,744167.0000000001,65088.722356,620,4097,4717
496,2012-05-10,Summer,2012,May,0,Thursday,1,1,34862.516192999996,61472.875,552083.0,94458.53006899999,1026,5546,6572
497,2012-05-11,Summer,2012,May,0,Friday,1,1,36757.843693,65104.125,360417.0,71261.882931,1319,5711,7030
498,2012-05-12,Summer,2012,May,0,Saturday,0,1,38882.953807,68102.125,480417.0,37033.850479,2622,4807,7429
499,2012-05-13,Summer,2012,May,0,Sunday,0,1,42214.112499999996,73154.75,576250.0000000001,67706.864271,2172,3946,6118
500,2012-05-14,Summer,2012,May,0,Monday,1,2,39514.683693,68737.50000000001,789583.0000000001,63969.883996,342,2501,2843
501,2012-05-15,Summer,2012,May,0,Tuesday,1,2,42156.701306999996,72050.5,794583.0000000001,44330.060096,625,4490,5115
502,2012-05-16,Summer,2012,May,0,Wednesday,1,1,43879.726307000004,74496.875,697917.0000000001,36847.076656,991,6433,7424
503,2012-05-17,Summer,2012,May,0,Thursday,1,1,40893.103693000005,71576.62500000001,520000.0,69017.58942500001,1242,6142,7384
504,2012-05-18,Summer,2012,May,0,Friday,1,1,38882.953807,68890.125,523333.00000000006,41149.491371000004,1521,6118,7639
505,2012-05-19,Summer,2012,May,0,Saturday,0,1,41352.6,70863.5,456250.0,25256.572925,3410,4884,8294
506,2012-05-20,Summer,2012,May,0,Sunday,0,1,42788.431193,72995.875,530417.0000000001,76504.182021,2704,4425,7129
507,2012-05-21,Summer,2012,May,0,Monday,1,2,41237.70869299999,70708.375,811250.0,70139.134652,630,3729,4359
508,2012-05-22,Summer,2012,May,0,Tuesday,1,2,42386.415,72603.125,765832.9999999999,35540.261420999996,819,5254,6073
509,2012-05-23,Summer,2012,May,0,Wednesday,1,2,42845.911306999995,73076.50000000001,774583.0000000001,30677.825999999997,766,4494,5260
510,2012-05-24,Summer,2012,May,0,Thursday,1,1,45143.255000000005,75837.5,716667.0000000001,52000.719648,1059,5711,6770
511,2012-05-25,Summer,2012,May,0,Friday,1,1,46866.280000000006,78441.125,747083.0000000001,42272.239649999996,1417,5317,6734
512,2012-05-26,Summer,2012,May,0,Saturday,0,1,47727.792499999996,80337.00000000001,732500.0,59849.430896,2855,3681,6536
513,2012-05-27,Summer,2012,May,0,Sunday,0,1,47555.49,80178.125,697082.9999999999,64715.475473,3283,3308,6591
514,2012-05-28,Summer,2012,May,1,Monday,0,1,49106.2125,84912.50000000001,676250.0,59106.245523,2557,3486,6043
515,2012-05-29,Summer,2012,May,0,Tuesday,1,1,49795.4225,84124.0,684583.0000000001,88845.39019999998,880,4863,5743
516,2012-05-30,Summer,2012,May,0,Wednesday,1,2,45258.146306999995,76391.125,670000.0,40401.193027,745,6110,6855
517,2012-05-31,Summer,2012,May,0,Thursday,1,1,46866.280000000006,78916.12500000001,492917.0,58732.697877,1100,6238,7338
518,2012-06-01,Summer,2012,June,0,Friday,1,2,45085.843807000005,75995.25,755417.0000000001,71450.16056899999,533,3594,4127
519,2012-06-02,Summer,2012,June,0,Saturday,0,1,40203.893693,70786.0,549167.0,56110.946806,2795,5325,8120
520,2012-06-03,Summer,2012,June,0,Sunday,0,1,41524.902500000004,71891.625,493333.0,55366.558380999995,2494,5147,7641
521,2012-06-04,Summer,2012,June,0,Monday,1,1,41180.2975,72285.375,487083.0,85667.227579,1071,5927,6998
522,2012-06-05,Summer,2012,June,0,Tuesday,1,2,37274.751193,65736.5,613333.0,63032.405725000004,968,6033,7001
523,2012-06-06,Summer,2012,June,0,Wednesday,1,1,38193.743807,67786.5,611249.9999999999,23196.346374999997,1027,6028,7055
524,2012-06-07,Summer,2012,June,0,Thursday,1,1,41524.902500000004,71180.25,567083.0,47325.05804999999,1038,6456,7494
525,2012-06-08,Summer,2012,June,0,Friday,1,1,44741.238807,74732.75,467917.0000000001,52748.717229,1488,6248,7736
526,2012-06-09,Summer,2012,June,0,Saturday,0,1,48991.32119300001,81045.87500000001,437083.0,43396.190981,2708,4790,7498
527,2012-06-10,Summer,2012,June,0,Sunday,0,1,50082.61630699999,82939.62500000001,538332.9999999999,40218.329123,2224,4374,6598
528,2012-06-11,Summer,2012,June,0,Monday,1,2,49680.531192999995,82465.125,587917.0000000001,62472.385019,1017,5647,6664
529,2012-06-12,Summer,2012,June,0,Tuesday,1,2,45028.36369300001,74734.375,833333.0,64527.49859799999,477,4495,4972
530,2012-06-13,Summer,2012,June,0,Wednesday,1,1,45200.666193000005,76389.625,582083.0,103245.621877,1173,6248,7421
531,2012-06-14,Summer,2012,June,0,Thursday,1,1,44683.75869300001,78047.87500000001,569582.9999999999,76313.49827899999,1180,6183,7363
532,2012-06-15,Summer,2012,June,0,Friday,1,1,44052.02880700001,74969.25,589582.9999999999,53119.858771,1563,6102,7665
533,2012-06-16,Summer,2012,June,0,Saturday,0,1,43535.121306999994,74338.50000000001,504167.0000000001,50127.266920999995,2963,4739,7702
534,2012-06-17,Summer,2012,June,0,Sunday,0,1,40835.692500000005,71496.875,598750.0,43581.761752,2634,4344,6978
535,2012-06-18,Summer,2012,June,0,Monday,1,2,39170.078692999996,68105.25,777916.9999999999,52557.13119800001,653,4446,5099
536,2012-06-19,Summer,2012,June,0,Tuesday,1,1,47440.598693,81836.5,690000.0,44518.036971,968,5857,6825
537,2012-06-20,Summer,2012,June,0,Wednesday,1,1,53930.682499999995,90121.875,592083.0,34230.438556,872,5339,6211
538,2012-06-21,Fall,2012,June,0,Thursday,1,1,55538.816193,94067.75,567917.0,35726.734481,778,5127,5905
539,2012-06-22,Fall,2012,June,0,Friday,1,1,53586.0775,90515.12499999999,573750.0,54992.108446000006,964,4859,5823
540,2012-06-23,Fall,2012,June,0,Saturday,0,1,50427.221307,81599.0,534583.0,54053.427123,2657,4801,7458
541,2012-06-24,Fall,2012,June,0,Sunday,0,1,51231.253693000006,84281.75,479167.0,43768.535574999994,2551,4340,6891
542,2012-06-25,Fall,2012,June,0,Monday,1,1,49335.92619300001,81755.25,504167.0000000001,90344.09222900002,1139,5640,6779
543,2012-06-26,Fall,2012,June,0,Tuesday,1,1,43477.641192999996,74338.0,373333.0,104557.85084600002,1077,6365,7442
544,2012-06-27,Fall,2012,June,0,Wednesday,1,1,48072.3975,80099.0,360000.0,81739.864325,1077,6258,7335
545,2012-06-28,Fall,2012,June,0,Thursday,1,1,51633.338807,84438.99999999999,422500.0,51625.96895,921,5958,6879
546,2012-06-29,Fall,2012,June,0,Friday,1,1,57491.623807,98326.625,488750.0,49751.31317100001,829,4634,5463
547,2012-06-30,Fall,2012,June,0,Saturday,0,1,52724.565,85938.5,601249.9999999999,48444.19717299999,1455,4232,5687
548,2012-07-01,Fall,2012,July,0,Sunday,0,1,56228.026193000005,93828.625,518750.0000000001,50687.287627000005,1421,4110,5531
549,2012-07-02,Fall,2012,July,0,Monday,1,1,53873.271306999995,87754.75,447083.0,58729.08872099999,904,5323,6227
550,2012-07-03,Fall,2012,July,0,Tuesday,1,1,53815.791193000005,87831.25,492083.0,37967.418830999995,1052,5608,6660
551,2012-07-04,Fall,2012,July,1,Wednesday,0,1,54390.17880699999,91542.125,538749.9999999999,40587.96685,2562,4841,7403
552,2012-07-05,Fall,2012,July,0,Thursday,1,1,57032.1275,95170.875,457917.0,58356.744127,1405,4836,6241
553,2012-07-06,Fall,2012,July,0,Friday,1,1,57089.538692999995,94066.625,450833.0,43954.106346,1366,4841,6207
554,2012-07-07,Fall,2012,July,0,Saturday,0,1,59386.951306999996,100614.12499999999,492083.0,49190.99170200001,1448,3392,4840
555,2012-07-08,Fall,2012,July,0,Sunday,0,1,56687.52250000001,98799.49999999999,573750.0,37784.554927,1203,3469,4672
556,2012-07-09,Fall,2012,July,0,Monday,1,2,48991.32119300001,81756.75,683332.9999999999,54430.583925000006,998,5571,6569
557,2012-07-10,Fall,2012,July,0,Tuesday,1,2,49680.531192999995,83099.50000000001,667500.0,45636.875331,954,5336,6290
558,2012-07-11,Fall,2012,July,0,Wednesday,1,1,49393.406307000005,81283.875,633333.0,45635.672279000006,975,6289,7264
559,2012-07-12,Fall,2012,July,0,Thursday,1,1,49335.92619300001,81835.375,529583.0,44144.489324999995,1032,6414,7446
560,2012-07-13,Fall,2012,July,0,Friday,1,2,50427.221307,83491.625,485833.0,24316.68855,1511,5988,7499
561,2012-07-14,Fall,2012,July,0,Saturday,0,2,48474.413692999995,83255.25000000001,699166.9999999999,43213.327076999994,2355,4614,6969
562,2012-07-15,Fall,2012,July,0,Sunday,0,1,51403.556193,88149.50000000001,717917.0000000001,50127.266920999995,1920,4111,6031
563,2012-07-16,Fall,2012,July,0,Monday,1,1,52609.673693000004,90515.62500000001,645000.0,49381.374681,1088,5742,6830
564,2012-07-17,Fall,2012,July,0,Tuesday,1,1,56400.32869300001,94460.37499999999,505832.9999999999,34416.009327,921,5865,6786
565,2012-07-18,Fall,2012,July,0,Wednesday,1,1,54677.303692999994,93197.875,577083.0,41337.468246000004,799,4914,5713
566,2012-07-19,Fall,2012,July,0,Thursday,1,1,53069.170000000006,89330.25,600417.0,49754.922327,888,5703,6591
567,2012-07-20,Fall,2012,July,0,Friday,1,2,45889.876193,76628.125,844167.0,62849.541821000006,747,5123,5870
568,2012-07-21,Fall,2012,July,0,Saturday,0,3,41065.406193,68738.99999999999,865417.0,64152.7479,1264,3195,4459
569,2012-07-22,Fall,2012,July,0,Sunday,0,2,46004.767499999994,77890.62500000001,762500.0,28247.9015704,2544,4866,7410
570,2012-07-23,Fall,2012,July,0,Monday,1,1,51116.431307,86252.125,694166.9999999999,41710.715129,1135,5831,6966
571,2012-07-24,Fall,2012,July,0,Tuesday,1,1,51748.161193,88306.25,655000.0,63597.539401999995,1140,6452,7592
572,2012-07-25,Fall,2012,July,0,Wednesday,1,1,49910.313807000006,81756.75,450000.0,49565.74240000001,1383,6790,8173
573,2012-07-26,Fall,2012,July,0,Thursday,1,1,53528.666307,92407.875,596666.9999999999,85661.212319,1036,5825,6861
574,2012-07-27,Fall,2012,July,0,Friday,1,1,53873.271306999995,91777.125,594582.9999999999,46014.332896,1259,5645,6904
575,2012-07-28,Fall,2012,July,0,Saturday,0,1,52092.766192999996,87200.50000000001,613333.0,47325.05804999999,2234,4451,6685
576,2012-07-29,Fall,2012,July,0,Sunday,0,1,49738.01130699999,83491.625,623750.0,51248.812148,2153,4444,6597
577,2012-07-30,Fall,2012,July,0,Monday,1,1,50369.741193,85623.375,668750.0,46202.309771,1040,6065,7105
578,2012-07-31,Fall,2012,July,0,Tuesday,1,1,49163.623692999994,82862.00000000001,704166.9999999999,49753.719274999996,968,6248,7216
579,2012-08-01,Fall,2012,August,0,Wednesday,1,1,49450.817500000005,83413.5,677500.0,42461.419577,1074,6506,7580
580,2012-08-02,Fall,2012,August,0,Thursday,1,1,51863.0525,88386.00000000001,659583.0000000001,38904.897101999995,983,6278,7261
581,2012-08-03,Fall,2012,August,0,Friday,1,2,52781.976192999995,90358.37500000001,642500.0,64902.249296,1328,5847,7175
582,2012-08-04,Fall,2012,August,0,Saturday,0,1,54677.303692999994,93908.375,613333.0,77433.840454,2345,4479,6824
583,2012-08-05,Fall,2012,August,0,Sunday,0,1,53011.758807,91384.875,652500.0,87347.89122299998,1707,3757,5464
584,2012-08-06,Fall,2012,August,0,Monday,1,2,51863.0525,88780.75000000001,654167.0000000001,38904.897101999995,1233,5780,7013
585,2012-08-07,Fall,2012,August,0,Tuesday,1,2,50714.34619299999,87202.625,703750.0,35161.600803999994,1278,5995,7273
586,2012-08-08,Fall,2012,August,0,Wednesday,1,2,51690.75,88464.62500000001,672916.9999999999,33294.4641,1263,6271,7534
587,2012-08-09,Fall,2012,August,0,Thursday,1,1,52092.766192999996,87438.5,620417.0,46949.10429999999,1196,6090,7286
588,2012-08-10,Fall,2012,August,0,Friday,1,2,49335.92619300001,83492.75,715833.0000000001,71826.114319,1065,4721,5786
589,2012-08-11,Fall,2012,August,0,Saturday,0,2,47727.792499999996,79783.375,732917.0000000001,62101.243476999996,2247,4052,6299
590,2012-08-12,Fall,2012,August,0,Sunday,0,1,48302.111193000004,80572.37499999999,530417.0000000001,36847.076656,2182,4362,6544
591,2012-08-13,Fall,2012,August,0,Monday,1,1,49680.531192999995,82781.75000000001,545417.0000000001,40967.529755999996,1207,5676,6883
592,2012-08-14,Fall,2012,August,0,Tuesday,1,1,50082.61630699999,84597.37500000001,686667.0000000001,50876.467554,1128,5656,6784
593,2012-08-15,Fall,2012,August,0,Wednesday,1,1,48704.196307,81754.625,619583.0,51060.835273000004,1198,6149,7347
594,2012-08-16,Fall,2012,August,0,Thursday,1,1,49565.708806999995,81836.0,519167.0000000001,42646.990348,1338,6267,7605
595,2012-08-17,Fall,2012,August,0,Friday,1,1,49852.833693,30300.0,570833.0,69582.723102,1483,5665,7148
596,2012-08-18,Fall,2012,August,0,Saturday,0,1,46751.388693,77258.87500000001,603333.0,53495.812521,2827,5038,7865
597,2012-08-19,Fall,2012,August,0,Sunday,0,2,43822.246193,75444.25,711667.0000000001,26000.96135,1208,3341,4549
598,2012-08-20,Fall,2012,August,0,Monday,1,2,43822.246193,74495.87500000001,734167.0000000001,39092.873977,1026,5504,6530
599,2012-08-21,Fall,2012,August,0,Tuesday,1,1,44741.238807,75128.12500000001,673750.0,21886.764120400003,1081,5925,7006
600,2012-08-22,Fall,2012,August,0,Wednesday,1,1,46004.767499999994,77731.75,677082.9999999999,21138.616157900004,1094,6281,7375
601,2012-08-23,Fall,2012,August,0,Thursday,1,1,47957.506193,79626.0,635833.0,25443.2865954,1363,6402,7765
602,2012-08-24,Fall,2012,August,0,Friday,1,2,48417.0025,80887.50000000001,615000.0,21698.7872454,1325,6257,7582
603,2012-08-25,Fall,2012,August,0,Saturday,0,2,45602.751307000006,77337.00000000001,712917.0000000001,73508.883304,1829,4224,6053
604,2012-08-26,Fall,2012,August,0,Sunday,0,2,45028.36369300001,74499.49999999999,845833.0,68832.018654,1483,3772,5255
605,2012-08-27,Fall,2012,August,0,Monday,1,1,48474.413692999995,81836.0,730416.9999999999,38718.12327899999,989,5928,6917
606,2012-08-28,Fall,2012,August,0,Tuesday,1,1,50197.438693,83256.25,620000.0,57423.175775,935,6105,7040
607,2012-08-29,Fall,2012,August,0,Wednesday,1,1,47210.885,79466.625,552083.0,33854.48480599999,1177,6520,7697
608,2012-08-30,Fall,2012,August,0,Thursday,1,1,48704.196307,81597.375,590417.0,23193.8500421,1172,6541,7713
609,2012-08-31,Fall,2012,August,0,Friday,1,1,52667.15380700001,86175.0,587500.0,50688.490678999995,1433,5917,7350
610,2012-09-01,Fall,2012,September,0,Saturday,0,2,51920.463693000005,87831.75,638333.0,34042.461681,2352,3788,6140
611,2012-09-02,Fall,2012,September,0,Sunday,0,2,48014.986307,81125.00000000001,815000.0,19270.1260204,2613,3197,5810
612,2012-09-03,Fall,2012,September,1,Monday,0,1,48761.607500000006,82703.62500000001,790832.9999999999,45451.605322999996,1965,4069,6034
613,2012-09-04,Fall,2012,September,0,Tuesday,1,1,50025.136193,85861.0,755000.0,71076.612923,867,5997,6864
614,2012-09-05,Fall,2012,September,0,Wednesday,1,1,50771.826306999996,88622.87500000001,741250.0,56485.697503999996,832,6280,7112
615,2012-09-06,Fall,2012,September,0,Thursday,1,2,48014.986307,81916.12500000001,810417.0000000001,42834.967223,611,5592,6203
616,2012-09-07,Fall,2012,September,0,Friday,1,1,48474.413692999995,82150.5,736250.0,51624.765898000005,1045,6459,7504
617,2012-09-08,Fall,2012,September,0,Saturday,0,2,45430.44880699999,76390.12500000001,799166.9999999999,84545.682352,1557,4419,5976
618,2012-09-09,Fall,2012,September,0,Sunday,0,1,42041.81,72365.62500000001,547500.0,67520.090448,2570,5657,8227
619,2012-09-10,Fall,2012,September,0,Monday,1,1,40203.893693,70706.75,503750.0,77811.29801900001,1118,6407,7525
620,2012-09-11,Fall,2012,September,0,Tuesday,1,1,39801.8775,69286.5,520000.0,27686.497354600004,1070,6697,7767
621,2012-09-12,Fall,2012,September,0,Wednesday,1,1,41295.188807,71259.375,577083.0,39654.398497999995,1050,6820,7870
622,2012-09-13,Fall,2012,September,0,Thursday,1,1,42214.112499999996,72444.75,637082.9999999999,24879.355970399996,1054,6750,7804
623,2012-09-14,Fall,2012,September,0,Friday,1,1,43649.943693,74260.37500000001,672500.0,31238.147469,1379,6630,8009
624,2012-09-15,Fall,2012,September,0,Saturday,0,1,41926.918693,73233.375,501667.0,74445.158523,3160,5554,8714
625,2012-09-16,Fall,2012,September,0,Sunday,0,1,39974.17999999999,70390.625,569999.9999999999,27123.799857899998,2166,5167,7333
626,2012-09-17,Fall,2012,September,0,Monday,1,2,40031.591193,69131.25000000001,734582.9999999999,45638.37914599999,1022,5847,6869
627,2012-09-18,Fall,2012,September,0,Tuesday,1,2,42960.733693,70633.37499999999,872500.0,107548.938881,371,3702,4073
628,2012-09-19,Fall,2012,September,0,Wednesday,1,1,38078.8525,67550.5,536667.0,64716.678524999996,788,6803,7591
629,2012-09-20,Fall,2012,September,0,Thursday,1,1,37676.836307000005,66524.0,618333.0,35540.261420999996,939,6781,7720
630,2012-09-21,Fall,2012,September,0,Friday,1,1,41295.188807,71496.375,668750.0,46386.37672700001,1250,6917,8167
631,2012-09-22,Fall,2012,September,0,Saturday,0,1,44798.65,76311.0,646667.0000000001,85291.273829,2512,5883,8395
632,2012-09-23,Winter,2012,September,0,Sunday,0,1,36470.718807,64866.625,467083.0,67147.74585400001,2454,5453,7907
633,2012-09-24,Winter,2012,September,0,Monday,1,1,35436.903807,62814.125,492917.0,42829.854252000005,1001,6435,7436
634,2012-09-25,Winter,2012,September,0,Tuesday,1,1,37906.55,68022.375,569999.9999999999,71076.612923,845,6693,7538
635,2012-09-26,Winter,2012,September,0,Wednesday,1,1,43764.835,74576.625,630832.9999999999,73506.4772,787,6946,7733
636,2012-09-27,Winter,2012,September,0,Thursday,1,2,44798.65,75996.87500000001,690833.0000000001,40405.102946,751,6642,7393
637,2012-09-28,Winter,2012,September,0,Friday,1,2,42673.608807000004,73232.875,690000.0,49378.968577,1045,6370,7415
638,2012-09-29,Winter,2012,September,0,Saturday,0,1,37389.6425,66287.0,542917.0,68454.861852,2589,5966,8555
639,2012-09-30,Winter,2012,September,0,Sunday,0,1,36298.41630700001,64707.875,583333.0,40590.372954,2015,4874,6889
640,2012-10-01,Winter,2012,October,0,Monday,1,2,35896.331193,64000.0,649167.0000000001,27310.5436046,763,6015,6778
641,2012-10-02,Winter,2012,October,0,Tuesday,1,3,40720.801193,67791.62499999999,871666.9999999998,31422.214425,315,4324,4639
642,2012-10-03,Winter,2012,October,0,Wednesday,1,2,45315.557499999995,74891.625,793750.0,20014.5144454,728,6844,7572
643,2012-10-04,Winter,2012,October,0,Thursday,1,2,45315.557499999995,75996.87500000001,722917.0000000001,35353.487598,891,6437,7328
644,2012-10-05,Winter,2012,October,0,Friday,1,1,42386.415,72523.375,627499.9999999999,31986.14505,1516,6640,8156
645,2012-10-06,Winter,2012,October,0,Saturday,0,1,38193.743807,67315.125,664166.9999999999,80612.00307500002,3031,4934,7965
646,2012-10-07,Winter,2012,October,0,Sunday,0,2,28659.626193,52476.625,708332.9999999999,42456.306606000006,781,2729,3510
647,2012-10-08,Winter,2012,October,1,Monday,0,2,26419.693692999997,48451.00000000001,709582.9999999999,57048.425077,874,4604,5478
648,2012-10-09,Winter,2012,October,0,Tuesday,1,2,30784.736307,54764.0,761666.9999999999,57235.1989,601,5791,6392
649,2012-10-10,Winter,2012,October,0,Wednesday,1,1,35436.903807,62892.75,630832.9999999999,56489.607423,780,6911,7691
650,2012-10-11,Winter,2012,October,0,Thursday,1,1,29980.635000000002,53895.875,463333.0,54617.35774800001,834,6736,7570
651,2012-10-12,Winter,2012,October,0,Friday,1,1,30152.9375,54133.875,539166.9999999999,70706.975196,1060,6222,7282
652,2012-10-13,Winter,2012,October,0,Saturday,0,1,27108.903693,48924.5,494583.0,43954.106346,2252,4857,7109
653,2012-10-14,Winter,2012,October,0,Sunday,0,1,35953.811307,63525.5,640417.0000000001,83796.18095600001,2080,4559,6639
654,2012-10-15,Winter,2012,October,0,Monday,1,2,38710.651307,67393.75,707500.0,89036.976231,760,5115,5875
655,2012-10-16,Winter,2012,October,0,Tuesday,1,1,32277.978693,57605.749999999985,558332.9999999999,54805.334623,922,6612,7534
656,2012-10-17,Winter,2012,October,0,Wednesday,1,1,31416.466193,56263.5,692917.0000000001,30488.646073,979,6482,7461
657,2012-10-18,Winter,2012,October,0,Thursday,1,2,36011.222499999996,64078.125,728332.9999999999,71261.882931,1008,6501,7509
658,2012-10-19,Winter,2012,October,0,Friday,1,2,38825.473693,67237.00000000001,815000.0,40589.169901999994,753,4671,5424
659,2012-10-20,Winter,2012,October,0,Saturday,0,1,33369.273807000005,59105.25,572917.0,35350.780731,2806,5284,8090
660,2012-10-21,Winter,2012,October,0,Sunday,0,1,31990.853807000003,57053.625,510000.0,49942.899202,2132,4692,6824
661,2012-10-22,Winter,2012,October,0,Monday,1,1,33598.9875,60367.75,568332.9999999999,24507.161757899998,830,6228,7058
662,2012-10-23,Winter,2012,October,0,Tuesday,1,1,37504.533807,66288.0,641666.9999999999,28435.878445399998,841,6625,7466
663,2012-10-24,Winter,2012,October,0,Wednesday,1,1,40491.0875,69840.125,636250.0,21889.2905296,795,6898,7693
664,2012-10-25,Winter,2012,October,0,Thursday,1,2,37906.55,66211.0,800417.0000000001,37407.398125,875,6484,7359
665,2012-10-26,Winter,2012,October,0,Friday,1,2,37619.356193,65343.750000000015,807082.9999999999,39841.172321,1182,6262,7444
666,2012-10-27,Winter,2012,October,0,Saturday,0,2,36528.130000000005,64391.624999999985,720000.0,70887.432996,2643,5209,7852
667,2012-10-28,Winter,2012,October,0,Sunday,0,2,32909.777500000004,58471.375,694582.9999999999,119706.080104,998,3461,4459
668,2012-10-29,Winter,2012,October,0,Monday,1,3,30325.239999999998,54925.0,880000.0,107733.30660000001,2,20,22
669,2012-10-30,Winter,2012,October,0,Tuesday,1,2,21929.421622,38738.625,825455.0000000001,64065.225867,87,1009,1096
670,2012-10-31,Winter,2012,October,0,Wednesday,1,2,24639.2575,45137.5,666667.0000000001,50127.266920999995,419,5147,5566
671,2012-11-01,Winter,2012,November,0,Thursday,1,2,25213.576193,46242.75,581667.0000000001,47323.854998,466,5520,5986
672,2012-11-02,Winter,2012,November,0,Friday,1,1,24466.954999999998,44505.25000000001,522082.9999999999,80055.59152500001,618,5229,5847
673,2012-11-03,Winter,2012,November,0,Saturday,0,2,23662.853693,40480.75,491250.0,81365.113627,1029,4109,5138
674,2012-11-04,Winter,2012,November,0,Sunday,0,1,22456.736193,41192.25,532917.0,53869.059404,1201,3906,5107
675,2012-11-05,Winter,2012,November,0,Monday,1,1,21997.308807,38509.37499999999,494167.0000000001,71077.815975,378,4881,5259
676,2012-11-06,Winter,2012,November,0,Tuesday,1,1,19355.291193,35195.875,567083.0,52186.290419,466,5220,5686
677,2012-11-07,Winter,2012,November,0,Wednesday,1,2,20389.106193,34327.625,547500.0,91464.434404,326,4709,5035
678,2012-11-08,Winter,2012,November,0,Thursday,1,1,24272.184254,42736.37500000001,333478.0,104615.898105,340,4975,5315
679,2012-11-09,Winter,2012,November,0,Friday,1,1,24926.451307,44426.625,540833.0,64531.107754000004,709,5283,5992
680,2012-11-10,Winter,2012,November,0,Saturday,0,1,26821.778807,49242.12499999999,645417.0000000001,17397.8763454,2090,4446,6536
681,2012-11-11,Winter,2012,November,0,Sunday,0,1,29004.231193000003,52714.125,659166.9999999999,38347.28250000001,2290,4562,6852
682,2012-11-12,Winter,2012,November,1,Monday,0,1,33426.685,59422.875,741666.9999999999,52187.493471,1097,5172,6269
683,2012-11-13,Winter,2012,November,0,Tuesday,1,2,23662.853693,40403.125,662916.9999999999,102874.781098,327,3767,4094
684,2012-11-14,Winter,2012,November,0,Wednesday,1,1,19929.678807,35195.375,552083.0,60039.813875,373,5122,5495
685,2012-11-15,Winter,2012,November,0,Thursday,1,2,22169.611307,40561.49999999999,620417.0,46012.82908100001,320,5125,5445
686,2012-11-16,Winter,2012,November,0,Friday,1,1,23777.745,43400.5,524583.0,51437.99207500001,484,5214,5698
687,2012-11-17,Winter,2012,November,0,Saturday,0,1,22399.325,40797.875,545417.0000000001,54055.833227,1313,4316,5629
688,2012-11-18,Winter,2012,November,0,Sunday,0,1,23605.4425,42218.25,692917.0000000001,68457.267956,922,3747,4669
689,2012-11-19,Winter,2012,November,0,Monday,1,2,26247.391192999996,46952.625,623333.0,70699.456121,449,5050,5499
690,2012-11-20,Winter,2012,November,0,Tuesday,1,2,25787.963807,47583.37499999999,685000.0,24880.619175,534,5100,5634
691,2012-11-21,Winter,2012,November,0,Wednesday,1,1,24352.063693,45611.49999999999,613750.0,31052.576698000004,615,4531,5146
692,2012-11-22,Winter,2012,November,1,Thursday,0,1,23433.140000000003,43796.37499999999,580417.0,15901.580420400001,955,1470,2425
693,2012-11-23,Winter,2012,November,0,Friday,1,1,25385.878693,47347.37499999999,568750.0,44519.240023,1603,2307,3910
694,2012-11-24,Winter,2012,November,0,Saturday,0,1,19182.988693,31092.749999999996,404583.0,113348.852573,532,1745,2277
695,2012-11-25,Winter,2012,November,0,Sunday,0,1,16943.056193,32197.875000000004,468333.0,45264.83149999999,309,2115,2424
696,2012-11-26,Winter,2012,November,0,Monday,1,1,21595.223693,42375.50000000001,535417.0000000001,14030.593949999999,337,4750,5087
697,2012-11-27,Winter,2012,November,0,Tuesday,1,2,20101.981307,35194.75,786667.0000000001,71449.859806,123,3836,3959
698,2012-11-28,Winter,2012,November,0,Wednesday,1,1,20446.586307,36220.25000000001,506250.0,63407.156423,198,5062,5260
699,2012-11-29,Winter,2012,November,0,Thursday,1,1,19357.84127,37302.75,555652.0,34744.743286,243,5080,5323
700,2012-11-30,Winter,2012,November,0,Friday,1,1,20561.408693,40483.37500000001,649583.0000000001,17585.8532204,362,5306,5668
701,2012-12-01,Winter,2012,December,0,Saturday,0,2,20561.408693,39613.0,806667.0000000001,17956.814304599997,951,4240,5191
702,2012-12-02,Winter,2012,December,0,Sunday,0,2,23950.047499999997,44901.0,823333.0,37408.601177000004,892,3757,4649
703,2012-12-03,Winter,2012,December,0,Monday,1,1,31186.752500000002,56974.5,767500.0,24879.355970399996,555,5679,6234
704,2012-12-04,Winter,2012,December,0,Tuesday,1,1,32794.886193000006,58631.75,733750.0,52371.560427,551,6055,6606
705,2012-12-05,Winter,2012,December,0,Wednesday,1,1,30210.348693,53501.5,485000.0,97453.52802299999,331,5398,5729
706,2012-12-06,Winter,2012,December,0,Thursday,1,1,17632.266192999996,32275.5,508750.0,52559.537302,340,5035,5375
707,2012-12-07,Winter,2012,December,0,Friday,1,2,22112.131192999997,40244.75000000001,764167.0000000001,39279.6478,349,4659,5008
708,2012-12-08,Winter,2012,December,0,Saturday,0,2,26304.871307,48688.5,911250.0,30491.052176999998,1153,4429,5582
709,2012-12-09,Winter,2012,December,0,Sunday,0,2,26477.173807,48768.25,905417.0,47513.034925,441,2787,3228
710,2012-12-10,Winter,2012,December,0,Monday,1,2,30038.046193,54446.875,925000.0,57237.605004,329,4841,5170
711,2012-12-11,Winter,2012,December,0,Tuesday,1,2,24352.063693,42295.375,596666.9999999999,89036.976231,282,5219,5501
712,2012-12-12,Winter,2012,December,0,Wednesday,1,2,20503.997499999998,37167.24999999999,538332.9999999999,49005.42093099999,310,5009,5319
713,2012-12-13,Winter,2012,December,0,Thursday,1,1,20389.106193,36773.5,485833.0,52371.560427,425,5107,5532
714,2012-12-14,Winter,2012,December,0,Friday,1,1,19412.771307,36774.0,642916.9999999999,39468.827727,429,5182,5611
715,2012-12-15,Winter,2012,December,0,Saturday,0,1,22341.913806999997,42297.87499999999,650417.0000000001,31986.14505,767,4280,5047
716,2012-12-16,Winter,2012,December,0,Sunday,0,2,24983.8625,46242.25,838750.0,30299.466146,538,3248,3786
717,2012-12-17,Winter,2012,December,0,Monday,1,2,27108.903693,50187.50000000001,907083.0,29552.4610829,212,4373,4585
718,2012-12-18,Winter,2012,December,0,Tuesday,1,1,28315.021192999997,51213.50000000001,666250.0,66590.13125199999,433,5124,5557
719,2012-12-19,Winter,2012,December,0,Wednesday,1,1,22916.232500000002,42770.25,625417.0,55368.062196000006,333,4934,5267
720,2012-12-20,Winter,2012,December,0,Thursday,1,2,22743.93,41902.12499999999,667916.9999999999,39839.969269,314,3814,4128
721,2012-12-21,Spring,2012,December,0,Friday,1,2,22514.216307,37720.875,556667.0000000001,112600.554229,221,3402,3623
722,2012-12-22,Spring,2012,December,0,Saturday,0,1,18321.476193,29514.125,441250.0,122514.604998,205,1544,1749
723,2012-12-23,Spring,2012,December,0,Sunday,0,1,16943.056193,32433.875,515417.0,40026.442329,408,1379,1787
724,2012-12-24,Spring,2012,December,0,Monday,1,2,15941.702984,32362.5,791303.9999999999,23228.046795200004,174,746,920
725,2012-12-25,Spring,2012,December,1,Tuesday,0,2,20076.962984,36808.12499999999,734782.9999999999,50746.537937999994,440,573,1013
726,2012-12-26,Spring,2012,December,0,Wednesday,1,3,16770.753693,27541.625,823333.0,95205.32459799999,9,432,441
727,2012-12-27,Spring,2012,December,0,Thursday,1,2,17517.443806999996,28330.25,652916.9999999999,105307.051479,247,1867,2114
728,2012-12-28,Spring,2012,December,0,Friday,1,2,17459.963692999998,31880.75,590000.0,46759.924373,644,2451,3095
729,2012-12-29,Spring,2012,December,0,Saturday,0,2,17459.963692999998,30300.0,752916.9999999999,37409.804229,159,1182,1341
730,2012-12-30,Spring,2012,December,0,Sunday,0,1,17632.266192999996,28962.5,483333.0,105493.825302,364,1432,1796
731,2012-12-31,Spring,2012,December,0,Monday,1,2,14875.426193,27935.875,577500.0,46571.947498,439,2290,2729
